case_id,vuln_class,cwe,package,version,cve,fixed_version,fix_repo,fix_commit,sink_file,sink_line,test_file,c1_has_cve,c2_has_fix_reference,c3_sink_in_package,static_eligible
code-injection/access-policy_3.1.0,code-injection,CWE-94,access-policy,3.1.0,CVE-2020-7674,,,,lib/encode.js,6,access-policy.test.js,True,False,True,False
code-injection/cd-messenger_2.7.24,code-injection,CWE-94,cd-messenger,2.7.24,CVE-2020-7675,,,,src/messenger-node.js,70,poc.test.js,True,False,True,False
code-injection/djv_2.0.0,code-injection,CWE-94,djv,2.0.0,CVE-2020-28464,2.1.4,,,lib/utils/template.js,110,djv.test.js,True,True,True,True
code-injection/hot-formula-parser_3.0.0,code-injection,CWE-94,hot-formula-parser,3.0.0,CVE-2020-6836,3.0.1,handsontable/formula-parser,396b089738d4bf30eb570a4fe6a188affa95cd5e,lib/grammar-parser/grammar-parser.js,258,hot-formula-parser.test.js,True,True,True,True
code-injection/is-my-json-valid_2.20.0,code-injection,CWE-94,is-my-json-valid,2.20.0,,2.20.3,mafintosh/is-my-json-valid,3419563687df463b4ca709a2b46be8e15d6a2b3d,index.js,172,is-my-json-valid.test.js,False,True,False,False
code-injection/js-yaml_3.13.0,code-injection,CWE-94,js-yaml,3.13.0,,3.13.1,nodeca/js-yaml,e18afbf1edcafb7add2c4c7b22abc8d6ebc2fa61,lib/js-yaml/type/js/function.js,70,js-yaml.test.js,False,True,True,False
code-injection/jsen_0.6.6,code-injection,CWE-94,jsen,0.6.6,CVE-2020-7777,,,,,,jsen.test.js,True,False,False,False
code-injection/json-ptr_2.0.0,code-injection,CWE-94,json-ptr,2.0.0,CVE-2020-7766,2.0.0,,,src/util.ts,155,json-ptr.test.js,True,True,True,True
code-injection/kmc_1.2.2,code-injection,CWE-94,kmc,1.2.2,,,,,lib/index.js,164,kmc.test.js,False,False,True,False
code-injection/local-devices_2.0.0,code-injection,CWE-94,local-devices,2.0.0,,3.0.0,,,src/index.js,114,local-devices.test.js,False,True,True,False
code-injection/m-log_0.0.1,code-injection,CWE-94,m-log,0.0.1,,,m-prj/m-log,ee1a08f25555201001dee497addeae9d1705226a,libs/log.js,24,m-log.test.js,False,True,True,False
code-injection/marsdb_0.6.11,code-injection,CWE-94,marsdb,0.6.11,,,,,dist/DocumentMatcher.js,419,marsdb.test.js,False,False,True,False
code-injection/mathjs_3.10.3,code-injection,CWE-94,mathjs,3.10.3,,3.11.5,,,,,mathjs.test.js,False,True,False,False
code-injection/mathjs_3.9.0,code-injection,CWE-94,mathjs,3.9.0,,3.11.5,,,,,mathjs.test.js,False,True,False,False
code-injection/mixin-pro_0.6.0,code-injection,CWE-94,mixin-pro,0.6.0,,0.6.7,floatinghotpot/mixin-pro,8bb355209f0a082d24b04355b3e8051a6455454f,,,mixin-pro.test.js,False,True,False,False
code-injection/mobile-icon-resizer_0.4.0,code-injection,CWE-94,mobile-icon-resizer,0.4.2,,0.4.3,muzzley/mobile-icon-resizer,a6c50f884bd282d74ab77e1fce6317d5d0dd2f0f,lib/resize.js,31,mobile-icon-resizer.test.js,False,True,True,False
code-injection/modjs_0.4.0,code-injection,CWE-94,modjs,0.4.0,,,,,lib/utils/sea.js,284,modjs.test.js,False,False,True,False
code-injection/modulify_0.1.0,code-injection,CWE-94,modulify,0.1.0,,,,,src/modulify.js,74,modulify.test.js,False,False,True,False
code-injection/mol-proto_0.1.3,code-injection,CWE-94,mol-proto,^0.1.3,,1.0.6,milojs/proto,10adbec293e7dfdb2e9e565bfd77187cf0373cbe,lib/proto_function.js,70,mol-proto.test.js,False,True,True,False
code-injection/mongo-parse_2.1.0,code-injection,CWE-94,mongo-parse,2.1.0,,,,,,,mongo-parse.test.js,False,False,False,False
code-injection/mongoosemask_0.0.6,code-injection,CWE-94,mongoosemask,0.0.6,,,,,index.js,181,mongoosemask.test.js,False,False,True,False
code-injection/mosc_1.0.0,code-injection,CWE-94,mosc,1.0.0,CVE-2020-7672,,,,mosc.js,50,mosc.test.js,True,False,True,False
code-injection/node-extend_0.2.0,code-injection,CWE-94,node-extend,^0.2.0,CVE-2020-7673,,,,lib/extend.js,31,node-extend.test.js,True,False,True,False
code-injection/node-rules_3.0.0,code-injection,CWE-94,node-rules,3.0.0,CVE-2020-7609,5.0.0,,,lib/node-rules.js,245,node-rules.test.js,True,True,True,True
code-injection/node-serialize_0.0.3,code-injection,CWE-94,node-serialize,0.0.3,CVE-2017-5941,,,,lib/serialize.js,75,node-serialize.test.js,True,False,True,False
code-injection/open_0.0.5,code-injection,CWE-94,open,0.0.5,,6.0.0,,,lib/open.js,58,open.test.js,False,True,True,False
code-injection/pixl-class_1.0.0,code-injection,CWE-94,pixl-class,1.0.0,CVE-2020-7640,1.0.3,jhuckaby/pixl-class,47677a3638e3583e42f3a05cc7f0b30293d2acc8,class.js,26,pixl-class.test.js,True,True,True,True
code-injection/realms-shim_1.1.0,code-injection,CWE-94,realms-shim,1.1.0,CVE-2021-23594,,,,src/evaluators.js,60,realms-shim.test.js,True,False,True,False
code-injection/reduce-css-calc_1.2.0,code-injection,CWE-94,reduce-css-calc,1.2.0,CVE-2016-10548,1.2.5,,,index.js,73,reduce-css-calc.test.js,True,True,True,True
code-injection/safe-eval_0.2.0,code-injection,CWE-94,safe-eval,0.2.0,CVE-2020-7710,,,,index.js,13,safe-eval.test.js,True,False,True,False
code-injection/safer-eval_1.3.1,code-injection,CWE-94,safer-eval,1.3.1,CVE-2019-10759,1.3.4,,,lib/index.js,60,safer-eval.test.js,True,True,True,True
code-injection/serialize-javascript_2.0.0,code-injection,CWE-94,serialize-javascript,2.0.0,CVE-2020-7660,3.1.0,yahoo/serialize-javascript,f21a6fb3ace2353413761e79717b2d210ba6ccbd,,,serialize-javascript.test.js,True,True,False,False
code-injection/serialize-to-js_0.5.0,code-injection,CWE-94,serialize-to-js,^0.5.0,CVE-2017-5954,1.0.0,commenthol/serialize-to-js,1cd433960e5b9db4c0b537afb28366198a319429,,,serialize-to-js.test.js,True,True,False,False
code-injection/static-eval_1.1.1,code-injection,CWE-94,static-eval,1.1.1,,2.0.2,browserify/static-eval,32f8efd072625e267aa7237d2daff35738c50d2a,index.js,118,static-eval.test.js,False,True,True,False
code-injection/thenify_3.3.0,code-injection,CWE-94,thenify,3.3.0,CVE-2020-7677,3.3.1,thenables/thenify,0d94a24eb933bc835d568f3009f4d269c4c4c17a,index.js,17,thenify.test.js,True,True,True,True
code-injection/underscore_1.13.0-0,code-injection,CWE-94,underscore,1.13.0-0,CVE-2021-23358,1.12.1,jashkenas/underscore,4c73526d43838ad6ab43a6134728776632adeb66,modules/template.js,71,underscore.test.js,True,True,True,True
code-injection/value-censorship_1.1.0,code-injection,CWE-94,value-censorship,1.1.0,,,,,index.js,22,value-censorship.test.js,False,False,True,False
code-injection/veval_1.0.0,code-injection,CWE-94,veval,1.0.0,,,,,index.js,13,veval.test.js,False,False,True,False
code-injection/wifiscanner_1.0.1,code-injection,CWE-94,wifiscanner,1.0.1,CVE-2020-15362,,,,scanners/wifiscanner.js,12,wifiscanner.test.js,True,False,True,False
code-injection/zhaoyao91-eval-in-vm_0.0.0,code-injection,CWE-94,@zhaoyao91/eval-in-vm,0.0.0,,,,,eval-in-vm/index.js,11,zhaoyao91_eval-in-vm.test.js,False,False,True,False
command-injection/aaptjs_1.3.1,command-injection,CWE-78,aaptjs,1.3.1,CVE-2020-26707,,,,index.js,18,aaptjs.test.js,True,False,True,False
command-injection/adb-driver_0.1.8,command-injection,CWE-78,adb-driver,0.1.8,CVE-2020-7636,,,,build/AdbDriver.js,26,adb-driver.test.js,True,False,True,False
command-injection/alfred-workflow-nodejs_2.0.1,command-injection,CWE-78,alfred-workflow-nodejs,2.0.1,CVE-2018-16462,2.0.1,vincentmorneau/apex-publish-static-files,2209af8f2b65c24aa55ab757e0e05b958c16f063,alfredNode.js,445,alfred-workflow-nodejs.test.js,True,True,True,True
command-injection/apex-publish-static-files_2.0.0,command-injection,CWE-78,apex-publish-static-files,2.0.0,CVE-2018-16462,2.0.1,vincentmorneau/apex-publish-static-files,2209af8f2b65c24aa55ab757e0e05b958c16f063,index.js,54,apex-publish-static-files.test.js,True,True,True,True
command-injection/apiconnect-cli-plugins_6.0.2,command-injection,CWE-78,apiconnect-cli-plugins,6.0.2,CVE-2020-7633,,,,lib/plugin-loader.js,181,apiconnect-cli-plugins.test.js,True,False,True,False
command-injection/arpping_2.0.0,command-injection,CWE-78,arpping,2.0.0,,3.0.0,haf-decent/arpping,0db06723f8c3c73a5cc0829c667d45cba25ca44d,index.js,120,arpping.test.js,False,True,False,False
command-injection/async-git_1.13.1,command-injection,CWE-78,async-git,1.13.1,CVE-2020-28490,1.13.2,omrilotan/async-git,d1950a5021f4e19d92f347614be0d85ce991510d,lib/reset/index.js,11,async-git.test.js,True,True,True,True
command-injection/bestzip_2.1.6,command-injection,CWE-78,bestzip,2.1.6,CVE-2020-7730,2.1.7,nfriedly/node-bestzip,45d4a901478c6a8f396c8b959dd6cf8fd3f955b6,lib/bestzip.js,27,bestzip.test.js,True,True,True,True
command-injection/blamer_0.1.13,command-injection,CWE-78,blamer,0.1.13,CVE-2019-10807,1.0.1,kucherenko/blamer,5fada8c9b6986ecd28942b724fa682e77ce1e11c,src/vcs/git.js,24,blamer.test.js,True,True,True,True
command-injection/buns_1.1.6,command-injection,CWE-78,buns,1.1.6,CVE-2020-7794,,,,lib/index.js,678,buns.test.js,True,False,True,False
command-injection/clamscan_1.2.0,command-injection,CWE-78,clamscan,1.2.0,CVE-2020-7613,1.3.0,kylefarris/clamscan,5f557c970817fe8c578ec3f7ad3bcbcef4cf5538,index.js,495,clamscan.test.js,True,True,True,True
command-injection/codecov_3.6.4,command-injection,CWE-78,codecov,3.6.4,CVE-2020-15123,3.7.1,codecov/codecov-node,c0711c656686e902af2cd92d6aecc8074de4d83d,lib/codecov.js,419,codecov.test.js,True,True,True,True
command-injection/command-exists_1.2.2,command-injection,CWE-78,command-exists,1.2.2,CVE-2019-10776,0.22.2,kellyselden/git-diff-apply,106d61d3ae723b4257c2a13e67b95eb40a27e0b5,lib/command-exists.js,78,command-exists.test.js,True,True,True,True
command-injection/compass-compile_0.0.1,command-injection,CWE-78,compass-compile,0.0.1,CVE-2020-7635,,,,lib/compass.js,25,compass-compile.test.js,True,False,True,False
command-injection/connection-tester_0.2.0,command-injection,CWE-78,connection-tester,0.2.0,CVE-2020-7781,0.2.1,,,index.js,15,connection-tester.test.js,True,True,True,True
command-injection/corenlp-js-interface_1.0.3,command-injection,CWE-78,corenlp-js-interface,1.0.3,CVE-2020-28440,,,,index.js,5,corenlp-js-interface.test.js,True,False,True,False
command-injection/corenlp-js-prefab_1.0.1,command-injection,CWE-78,corenlp-js-prefab,1.0.1,CVE-2020-28439,,,,index.js,10,corenlp-js-prefab.test.js,True,False,True,False
command-injection/curling_0.2.0,command-injection,CWE-78,curling,0.2.0,CVE-2019-10789,1.1.0,,,lib/curl-transport.js,56,curling.test.js,True,True,True,True
command-injection/curljs_0.1.2,command-injection,CWE-78,curljs,0.1.2,CVE-2020-28425,,,,index.js,37,curljs.test.js,True,False,True,False
command-injection/deferred-exec_0.3.1,command-injection,CWE-78,deferred-exec,0.3.1,CVE-2020-28438,,,,lib/deferred-exec.js,42,deferred-exec.test.js,True,False,True,False
command-injection/diskstats_0.0.2,command-injection,CWE-78,diskstats,0.0.2,CVE-2018-16462,2.0.1,vincentmorneau/apex-publish-static-files,2209af8f2b65c24aa55ab757e0e05b958c16f063,lib/stat.js,44,diskstats.test.js,True,True,True,True
command-injection/diskusage-ng_0.2.6,command-injection,CWE-78,diskusage-ng,0.2.6,CVE-2020-7631,1.0.0,iximiuz/node-diskusage-ng,48e7e093486b528f0c81ec699573e0e4a431b8d3,lib/posix.js,11,diskusage-ng.test.js,True,True,True,True
command-injection/dns-sync_0.1.0,command-injection,CWE-78,dns-sync,0.1.0,CVE-2014-9682,0.1.3,skoranga/node-dns-sync,d9abaae384b198db1095735ad9c1c73d7b890a0d,lib/dns-sync.js,21,dns-sync.test.js,True,True,True,True
command-injection/effect_1.0.4,command-injection,CWE-78,effect,1.0.4,CVE-2020-7624,,,,helper.js,24,effect.test.js,True,False,True,False
command-injection/enpeem_2.2.0,command-injection,CWE-78,enpeem,2.2.0,CVE-2019-10801,,,,index.js,71,enpeem.test.js,True,False,True,False
command-injection/eslint-fixer_0.1.5,command-injection,CWE-78,eslint-fixer,0.1.5,CVE-2021-26275,,,,index.js,24,eslint-fixer.test.js,True,False,True,False
command-injection/extra-asciinema_1.0.0,command-injection,CWE-78,extra-asciinema,1.0.0,,1.0.23,nodef/extra-asciinema,fd1a8a38d6c72e1eb573b2ab03d5e86de8047480,index.js,208,extra-asciinema.test.js,False,True,True,False
command-injection/ffmpeg-sdk_0.0.5,command-injection,CWE-78,ffmpeg-sdk,0.0.5,CVE-2020-28435,,,,index.js,9,ffmpeg-sdk.test.js,True,False,True,False
command-injection/ffmpegdotjs_0.0.4,command-injection,CWE-78,ffmpegdotjs,0.0.4,CVE-2021-23376,,,,index.js,191,ffmpegdotjs.test.js,True,False,True,False
command-injection/find-process_1.4.4,command-injection,CWE-78,find-process,1.4.4,CVE-2019-10788,,Turistforeningen/node-im-metadata,ea15dddbe0f65694bfde36b78dd488e90f246639,lib/utils.js,19,find-process.test.js,True,True,True,True
command-injection/freespace_1.0.4,command-injection,CWE-78,freespace,1.0.4,,,,,index.js,51,freespace.test.js,False,False,True,False
command-injection/geojson2kml_0.1.1,command-injection,CWE-78,geojson2kml,0.1.1,CVE-2020-28429,,,,index.js,6,geojson2kml.test.js,True,False,True,False
command-injection/get-npm-package-version_1.0.6,command-injection,CWE-78,get-npm-package-version,1.0.6,CVE-2020-7795,1.0.7,hoperyy/get-npm-package-version,40b1cf31a0607ea66f9e30a0c3af1383b52b2dec,index.js,16,get-npm-package-version.test.js,True,True,True,True
command-injection/git-add-remote_1.0.0,command-injection,CWE-78,git-add-remote,1.0.0,CVE-2020-7630,,,,index.js,21,git-add-remote.test.js,True,False,True,False
command-injection/git-dummy-commit_1.3.0,command-injection,CWE-78,git-dummy-commit,1.3.0,CVE-2018-3785,,,,index.js,37,git-dummy-commit.test.js,True,False,True,False
command-injection/git-lib_1.6.0,command-injection,CWE-78,git-lib,1.6.0,,,,,git.js,13,git-lib.test.js,False,False,True,False
command-injection/git-parse_1.0.4,command-injection,CWE-78,git-parse,1.0.4,CVE-2021-26543,1.0.5,,,src/git_diff.js,13,git-parse.test.js,True,True,True,True
command-injection/git-tags-remote_1.0.2,command-injection,CWE-78,git-tags-remote,1.0.2,CVE-2020-7636,,,,index.js,5,git-tags-remote.test.js,True,False,True,False
command-injection/git_0.1.5,command-injection,CWE-78,git,0.1.5,CVE-2021-23632,,,,lib/git/git.js,232,git.test.js,True,False,False,False
command-injection/gitblame_0.1.1,command-injection,CWE-78,gitblame,0.1.1,CVE-2020-28434,,,,lib/gitblame.js,15,gitblame.test.js,True,False,True,False
command-injection/giting_0.0.7,command-injection,CWE-78,giting,0.0.7,CVE-2019-10802,0.0.8,MangoRaft/git,9be41081f547d3dcef25e7d7c957bc2a3be2dfe0,lib/git.js,223,giting.test.js,True,True,True,True
command-injection/gity_1.0.5,command-injection,CWE-78,gity,1.0.5,,,,,lib/index.js,90,gity.test.js,False,False,False,False
command-injection/gm_1.20.0,command-injection,CWE-78,gm,1.20.0,CVE-2015-7982,1.20.0,,,lib/compare.js,72,gm.test.js,True,True,True,True
command-injection/google-cloudstorage-commands_0.0.1,command-injection,CWE-78,google-cloudstorage-commands,0.0.1,CVE-2020-28436,,,,index.js,11,google-cloudstorage-commands.test.js,True,False,True,False
command-injection/growl_1.9.0,command-injection,CWE-78,growl,1.9.0,CVE-2017-16042,1.10.0,tj/node-growl,d71177d5331c9de4658aca62e0ac921f178b0669,lib/growl.js,289,growl.test.js,True,True,True,True
command-injection/gry_5.0.8,command-injection,CWE-78,gry,5.0.8,,6.0.0,,,lib/index.js,88,gry.test.js,False,True,True,False
command-injection/heroku-env_0.2.0,command-injection,CWE-78,heroku-env,0.2.0,CVE-2020-28437,,,,lib/get.js,3,heroku-env.test.js,True,False,True,False
command-injection/hot-formula-parser_3.0.0,command-injection,CWE-78,hot-formula-parser,3.0.0,CVE-2020-6836,3.0.1,handsontable/formula-parser,396b089738d4bf30eb570a4fe6a188affa95cd5e,lib/grammar-parser/grammar-parser.js,258,hot-formula-parser.test.js,True,True,True,True
command-injection/im-metadata_3.0.1,command-injection,CWE-78,im-metadata,3.0.1,CVE-2019-10788,,Turistforeningen/node-im-metadata,ea15dddbe0f65694bfde36b78dd488e90f246639,index.js,15,im-metadata.test.js,True,True,True,True
command-injection/im-resize_2.3.2,command-injection,CWE-78,im-resize,2.3.2,CVE-2019-10787,,Turistforeningen/node-im-resize,de624dacf6a50e39fe3472af1414d44937ce1f03,index.js,11,im-resize.test.js,True,True,True,True
command-injection/imagickal_5.0.1,command-injection,CWE-78,imagickal,5.0.1,,,,,lib/imagickal.js,127,imagickal.test.js,False,False,False,False
command-injection/jison_0.4.17,command-injection,CWE-78,install-package,0.4.17,CVE-2020-8178,,,,build/queueRunner.js,45,jison.test.js,True,False,True,False
command-injection/kill-by-port_0.0.1,command-injection,CWE-78,kill-by-port,0.0.1,CVE-2021-23363,0.0.2,GuyMograbi/kill-by-port,ea5b1f377e196a4492e05ff070eba8b30b7372c4,index.js,8,kill-by-port.test.js,True,True,True,True
command-injection/kill-port-process_0.0.1,command-injection,CWE-78,kill-port-process,0.0.1,CVE-2019-15609,2.2.0,,,src/index.js,44,kill-port-process.test.js,True,True,True,True
command-injection/kill-process-by-name_1.0.5,command-injection,CWE-78,kill-process-by-name,1.0.5,CVE-2021-23356,,,,index.js,12,kill-process-by-name.test.js,True,False,True,False
command-injection/killing_1.0.6,command-injection,CWE-78,killing,1.0.6,CVE-2021-23381,,,,lib/killing.js,35,killing.test.js,True,False,True,False
command-injection/killport_1.0.1,command-injection,CWE-78,killport,1.0.1,CVE-2021-23360,1.0.2,ssnau/killport,bec8e371f170a12e11cd222ffc7a6e1ae9942638,index.js,9,killport.test.js,True,True,True,True
command-injection/libnmap_0.4.11,command-injection,CWE-78,libnmap,0.4.11,CVE-2018-16461,0.4.16,jas-/node-libnmap,c235b24b0342e12a5dbf502f89daabe95883b6c8,lib/classes/tools.js,114,libnmap.test.js,True,True,True,True
command-injection/local-devices_2.0.0,command-injection,CWE-78,local-devices,2.0.0,,3.0.0,,,src/index.js,114,local-devices.test.js,False,True,False,False
command-injection/lsof_0.1.0,command-injection,CWE-78,lsof,0.1.0,CVE-2019-10783,,,,lib/lsof.js,37,lsof.test.js,True,False,True,False
command-injection/lycwed-spritesheetjs_1.2.5,command-injection,CWE-78,lycwed-spritesheetjs,1.2.5,CVE-2021-23377,,,,lib/generator.js,85,lycwed-spritesheetjs.test.js,True,False,True,False
command-injection/macaddress_0.2.8,command-injection,CWE-78,macaddress,0.2.8,CVE-2018-13797,0.2.9,scravy/node-macaddress,358fd594adb196a86b94ac9c691f69fe5dad2332,lib/unix.js,4,macaddress.test.js,True,True,True,True
command-injection/macfromip_1.1.1,command-injection,CWE-78,macfromip,1.1.1,CVE-2020-7786,,bcamarneiro/macfromip,1bbed8cd6f8299ad2e9d028e0ed0771340ab8391,macfromip.js,66,macfromip.test.js,True,True,True,True
command-injection/monorepo-build_0.1.9,command-injection,CWE-78,monorepo-build,0.1.9,CVE-2020-28423,,,,lib/util/exec.js,4,monorepo-build.test.js,True,False,True,False
command-injection/node-df_0.1.4,command-injection,CWE-78,node-df,0.1.4,CVE-2019-15597,,,,lib/index.js,41,node-df.test.js,True,False,True,False
command-injection/node-key-sender_1.0.11,command-injection,CWE-78,node-key-sender,1.0.11,CVE-2020-7627,,,,key-sender.js,117,node-key-sender.test.js,True,False,True,False
command-injection/node-latex-pdf_0.0.2,command-injection,CWE-78,node-latex-pdf,0.0.2,CVE-2020-28433,,,,node-latex-pdf.js,10,node-latex-pdf.test.js,True,False,True,False
command-injection/node-mpv_0.12.2,command-injection,CWE-78,node-mpv,0.12.2,CVE-2020-7632,,,,lib/mpv/mpv.js,45,node-mpv.test.js,True,False,True,False
command-injection/node-ps_0.0.2,command-injection,CWE-78,node-ps,0.0.2,CVE-2020-7785,,,,lib/index.js,72,node-ps.test.js,True,False,True,False
command-injection/node-unrar_0.1.0,command-injection,CWE-78,node-unrar,0.1.0,,,,,lib/index.js,23,node-unrar.test.js,False,False,False,False
command-injection/npm-git-publish_0.2.4-beta,command-injection,CWE-78,npm-git-publish,0.2.4-beta,,,,,lib/publish.js,92,npm-git-publish.test.js,False,False,True,False
command-injection/npm-help_1.0.0,command-injection,CWE-78,npm-help,1.0.0,CVE-2020-28445,,,,index.js,13,npm-help.test.js,True,False,True,False
command-injection/onion-oled-js_0.0.2,command-injection,CWE-78,onion-oled-js,0.0.2,CVE-2021-23377,,,,src/oled-exp.js,91,onion-old-js.test.js,True,False,True,False
command-injection/open_0.0.5,command-injection,CWE-78,open,0.0.5,,6.0.0,,,lib/open.js,58,open.test.js,False,True,True,False
command-injection/pdf-image_1.0.5,command-injection,CWE-78,pdf-image,1.0.5,CVE-2018-3757,2.0.1,roest01/node-pdf-image,54679496a89738443917608c2bbe2f6e5dd20e83,index.js,43,pdf-image.test.js,True,True,True,True
command-injection/pdf-image_2.0.0,command-injection,CWE-78,pdf-image,2.0.0,CVE-2020-8132,,,,index.js,44,pdf-image.test.js,True,False,True,False
command-injection/pdfinfojs_0.3.6,command-injection,CWE-78,pdfinfojs,0.3.6,CVE-2018-3746,0.4.1,,,lib/pdfinfo.js,47,pdfinfojs.test.js,True,True,True,True
command-injection/pidusage_1.0.0,command-injection,CWE-78,pidusage,1.0.0,CVE-2017-16034,1.1.5,soyuka/pidusage,b70eca15f7ca7f1b82a15f8a5d4bb48737f5a89d,lib/stats.js,108,pidusage.test.js,True,True,True,True
command-injection/port-killer_1.0.1,command-injection,CWE-78,port-killer,1.0.1,CVE-2021-23359,,,,index.js,19,port-killer.test.js,True,False,True,False
command-injection/portkiller_1.0.2,command-injection,CWE-78,portkiller,1.0.2,CVE-2021-23379,,,,index.js,10,portkiller.test.js,True,False,True,False
command-injection/portprocesses_1.0.4,command-injection,CWE-78,portprocesses,1.0.4,CVE-2021-23348,1.0.5,rrainn/PortProcesses,86811216c9b97b01b5722f879f8c88a7aa4214e1,exec.js,5,portprocesses.test.js,True,True,True,True
command-injection/ps-kill_1.0.0,command-injection,CWE-78,ps-kill,1.0.0,CVE-2021-23355,,,,index.js,8,ps-kill.test.js,True,False,True,False
command-injection/ps-visitor_0.0.2,command-injection,CWE-78,ps-visitor,0.0.2,CVE-2021-23374,,,,index.js,404,ps-visitor.test.js,True,False,True,False
command-injection/ps_0.0.2,command-injection,CWE-78,ps,0.0.2,CVE-2018-16460,1.0.0,,,lib/index.js,8,ps.test.js,True,True,True,True
command-injection/psnode_0.0.1,command-injection,CWE-78,psnode,0.0.1,CVE-2021-23375,,,,lib/index.js,59,psnode.test.js,True,False,True,False
command-injection/react-dev-utils_11.0.0,command-injection,CWE-78,react-dev-utils,11.0.0,CVE-2021-24033,11.0.4,,,getProcessForPort.js,28,react-dev-utils.test.js,True,True,True,True
command-injection/roar-pidusage_1.1.6,command-injection,CWE-78,roar-pidusage,1.1.6,CVE-2021-23380,,,,lib/stats.js,103,roar-pidusage.test.js,True,False,True,False
command-injection/samsung-remote_1.2.5,command-injection,CWE-78,samsung-remote,1.2.5,CVE-2021-29300,1.5.2,ronomon/opened,7effe011d4fea8fac7f78c00615e0a6e69af68ec,lib/samsung-remote.js,103,samsung-remote.test.js,True,True,True,True
command-injection/scp_0.0.3,command-injection,CWE-78,scp,0.0.3,CVE-2019-10776,0.22.2,kellyselden/git-diff-apply,106d61d3ae723b4257c2a13e67b95eb40a27e0b5,scp.js,21,scp.test.js,True,True,True,True
command-injection/strider-git_1.0.3,command-injection,CWE-78,strider-git,1.0.3,CVE-2019-10788,,Turistforeningen/node-im-metadata,ea15dddbe0f65694bfde36b78dd488e90f246639,lib/index.js,151,strider-git.test.js,True,True,True,True
command-injection/theme-core_0.2.5,command-injection,CWE-78,theme-core,0.2.5,CVE-2020-28432,,,,lib/utils.js,16,theme-core.test.js,True,False,True,False
command-injection/thi.ng-egf_0.3.0,command-injection,CWE-78,@thi.ng/egf,0.3.0,CVE-2021-21412,0.4.0,thi-ng/umbrella,88f61656e5f5cfba960013b8133186389efaf243,lib/index.js,157,egf.test.js,True,True,True,True
command-injection/total.js_3.4.6,command-injection,CWE-78,total.js,3.4.6,CVE-2020-28494,3.4.7,totaljs/framework,6192491ab2631e7c1d317c221f18ea613e2c18a5,image.js,329,total-js.test.js,True,True,True,True
command-injection/ts-process-promises_1.0.2,command-injection,CWE-78,ts-process-promises,1.0.2,CVE-2020-7784,,,,lib/process-promises.js,45,ts-process-promises.test.js,True,False,True,False
command-injection/umount_1.1.6,command-injection,CWE-78,umount,1.1.6,CVE-2020-7628,,,,build/umount.js,52,umount.test.js,True,False,True,False
command-injection/vboxmanage.js_1.0.6,command-injection,CWE-78,vboxmanage.js,1.0.6,CVE-2019-10783,,danielgindi/node-vboxmanage,8efe421dd19c474cbdeb0908cbcc7aabfe343d5e,index.js,76,vboxmanage-js.test.js,True,True,True,True
command-injection/wc-cmd_1.0.9,command-injection,CWE-78,wc-cmd,1.0.9,CVE-2020-28431,,,,index.js,49,wc-cmd.test.js,True,False,True,False
command-injection/whereis_0.4.0,command-injection,CWE-78,whereis,0.4.0,CVE-2018-3772,0.4.1,vvo/node-whereis,0f64e3780235004fb6e43bfd153ea3e0e210ee2b,index.js,4,whereis.test.js,True,True,True,True
command-injection/wincred_1.0.2,command-injection,CWE-78,wincred,1.0.2,CVE-2021-23399,,,,index.js,16,wincred.test.js,True,False,True,False
command-injection/xopen_1.0.0,command-injection,CWE-78,xopen,1.0.0,CVE-2020-28447,,,,index.js,13,xopen.test.js,True,False,True,False
command-injection/xps_1.0.2,command-injection,CWE-78,xps,1.0.2,CVE-2019-15597,,sorellabs/xps,768481146b8ead3811310eecc0f56e2d107cb740,lib/utils.js,28,xps.test.js,True,True,True,True
path-traversal/11xiaoli_1.1.0,path-traversal,CWE-22,11xiaoli,1.1.0,CVE-2017-16160,,,,dome.js,5,11xiaoli.test.js,True,False,True,False
path-traversal/22lixian_1.0.0,path-traversal,CWE-22,22lixian,1.0.0,CVE-2017-16162,,,,demo.js,6,22lixian.test.js,True,False,True,False
path-traversal/@vivaxy-here_3.1.0,path-traversal,CWE-22,@vivaxy/here,3.1.0,,3.2.2,vivaxy/here,298dbab41344dfb7f95f66b1fa7b5cfb436bd4a2,lib/read-file.js,11,vivaxy_here.test.js,False,True,True,False
path-traversal/angular-http-server_1.0.0,path-traversal,CWE-22,angular-http-server,1.0.0,,1.4.4,simonh1000/angular-http-server,8bafc9577161469f5dea01e0b98ea9c525d063e9,angular-http-server.js,16,angular-http-server.test.js,False,True,True,False
path-traversal/api-proxy_0.0.2,path-traversal,CWE-22,api-proxy,0.0.2,,,,,lib/static.js,40,api-proxy.test.js,False,False,True,False
path-traversal/aso-server_0.4.3,path-traversal,CWE-22,sleep,^6.3.0,,,,,,,aso-server.test.js,False,False,False,False
path-traversal/asset-cache_0.0.6,path-traversal,CWE-22,asset-cache,0.0.6,,,,,lib/asset-cache.js,31,asset-cache.test.js,False,False,True,False
path-traversal/atropa-ide_0.2.2-2,path-traversal,CWE-22,atropa-ide,0.2.2-2,,,,,,,atropa-ide.test.js,False,False,False,False
path-traversal/augustine_0.2.3,path-traversal,CWE-22,augustine,0.2.3,CVE-2017-0930,,,,index.js,88,augustine.test.js,True,False,True,False
path-traversal/basic-static_2.0.2,path-traversal,CWE-22,basic-static,2.0.2,,,,,basic-static.js,121,basic-static.test.js,False,False,True,False
path-traversal/bitty_0.1.0,path-traversal,CWE-22,bitty,0.1.0,CVE-2016-10561,,,,index.js,36,bitty.test.js,True,False,True,False
path-traversal/caihong_1.0.0,path-traversal,CWE-22,caihong,1.0.0,,,,,index.js,5,caihong.test.js,False,False,True,False
path-traversal/canvas-designer_1.2.1,path-traversal,CWE-22,canvas-designer,1.2.1,,,,,server.js,36,canvas-designer.test.js,False,False,True,False
path-traversal/caolilinode1_1.0.0,path-traversal,CWE-22,caolilinode1,1.0.0,,,,,caolili.js,10,caolilinode1.test.js,False,False,True,False
path-traversal/caolilinode_1.0.0,path-traversal,CWE-22,caolilinode,1.0.0,CVE-2017-16159,,,,caolili.js,7,caolilinode.test.js,True,False,True,False
path-traversal/crud-file-server_0.7.0,path-traversal,CWE-22,crud-file-server,0.7.0,CVE-2018-3733,0.9.0,omphalos/crud-file-server,4fc3b404f718abb789f4ce4272c39c7a138c7a82,crud-file-server.js,170,crud-file-server.test.js,True,True,True,True
path-traversal/cuciuci_1.1.0,path-traversal,CWE-22,cuciuci,1.1.0,CVE-2017-16122,,,,index.js,7,cuciuci.test.js,True,False,True,False
path-traversal/cuiaiguang_1.0.0,path-traversal,CWE-22,cuiaiguang,1.0.0,,,,,index.js,9,cuiaiguang.test.js,False,False,True,False
path-traversal/cxy_1.1.0,path-traversal,CWE-22,cxy,1.1.0,,,,,index.js,5,cxy.test.js,False,False,True,False
path-traversal/cyber-js_1.0.6,path-traversal,CWE-22,cyber-js,1.0.6,CVE-2017-16093,,,,app.js,43,cyber-js.test.js,True,False,True,False
path-traversal/cypserver_1.0.0,path-traversal,CWE-22,cypserver,1.0.0,CVE-2017-16191,,,,index.js,10,cypserver.test.js,True,False,True,False
path-traversal/datachannel-client_1.0.2,path-traversal,CWE-22,datachannel-client,1.0.2,CVE-2017-16121,,,,server.js,30,datachannel-client.test.js,True,False,True,False
path-traversal/dcdcdcdcdc_1.0.0,path-traversal,CWE-22,dcdcdcdcdc,1.0.0,CVE-2017-16190,,,,node.js,9,dcdcdcdcdc.test.js,True,False,True,False
path-traversal/der-server_0.0.9,path-traversal,CWE-22,der-server,0.0.9,,,,,der-server.js,52,der-server.test.js,False,False,True,False
path-traversal/dilu_0.1.3,path-traversal,CWE-22,dilu,0.1.3,,,,,dilu/get.js,57,dilu.test.js,False,False,True,False
path-traversal/dylmomo_1.0.0,path-traversal,CWE-22,dylmomo,1.0.0,CVE-2017-16163,,,,index.js,14,dylmomo.test.js,True,False,True,False
path-traversal/easy-node-server_1.2.1,path-traversal,CWE-22,easy-node-server,1.2.1,,,,,index.js,49,easy-node-server.test.js,False,False,True,False
path-traversal/ex-http-frame_1.0.2,path-traversal,CWE-22,ex-http-frame,1.0.2,,,,,lib/res.js,41,ex-http-frame.test.js,False,False,True,False
path-traversal/express-blinker_0.0.6,path-traversal,CWE-22,express-blinker,0.0.6,,,,,index.js,181,express-blinker.test.js,False,False,True,False
path-traversal/exxxxxxxxxxx_1.0.2,path-traversal,CWE-22,exxxxxxxxxxx,1.0.2,CVE-2017-16130,,,,lib/res.js,38,exxxxxxxxxxx.test.js,True,False,True,False
path-traversal/fakelearnnodejs_0.0.1,path-traversal,CWE-22,fakelearnnodejs,0.0.1,,,,,app.js,8,fakelearnnodejs.test.js,False,False,True,False
path-traversal/fast-http-cli_0.0.8,path-traversal,CWE-22,fast-http-cli,0.0.8,CVE-2017-16155,,,,index.js,35,fast-http-cli.test.js,True,False,True,False
path-traversal/fast-http_0.1.3,path-traversal,CWE-22,fast-http,0.1.3,CVE-2020-7687,,,,index.js,35,fast-http.test.js,True,False,True,False
path-traversal/fbr-client_1.0.3,path-traversal,CWE-22,fbr-client,1.0.3,CVE-2017-16217,,,,server.js,53,fbr-client.test.js,True,False,True,False
path-traversal/file-static-server_1.0.2,path-traversal,CWE-22,file-static-server,1.0.2,,,,,lib/file.js,88,file-static-server.test.js,False,False,True,False
path-traversal/fsk-server_0.2.1,path-traversal,CWE-22,fsk-server,0.2.1,CVE-2017-16090,,,,index.js,48,fsk-server.test.js,True,False,True,False
path-traversal/gamebutler_1.0.4,path-traversal,CWE-22,gamebutler,1.0.4,,,,,build/gamebutler.js,69,gamebutler.test.js,False,False,True,False
path-traversal/gaoxiaotingtingting_1.1.0,path-traversal,CWE-22,gaoxiaotingtingting,1.1.0,CVE-2017-16108,,,,index.js,5,gaoxiaotingtingting.test.js,True,False,True,False
path-traversal/gaoxuyan_1.1.0,path-traversal,CWE-22,gaoxuyan,1.1.0,CVE-2017-16153,,,,index.js,8,gaoxuyan.test.js,True,False,True,False
path-traversal/getstats_1.0.6,path-traversal,CWE-22,getstats,1.0.6,,,,,server.js,37,getstats.test.js,False,False,True,False
path-traversal/gfm-srv_1.1.2,path-traversal,CWE-22,gfm-srv,1.1.2,,,,,lib/server.js,65,gfm-srv.test.js,False,False,True,False
path-traversal/glance_3.0.0,path-traversal,CWE-22,glance,3.0.0,CVE-2018-3715,3.0.4,jarofghosts/glance,8cfd88e44ebd3f07e3a2eaf376a3e758b6c4ca19,index.js,81,glance.test.js,True,True,True,True
path-traversal/goserv_1.0.0,path-traversal,CWE-22,goserv,1.0.0,CVE-2017-16133,,,,lib/goserv.js,63,goserv.test.js,True,False,True,False
path-traversal/gyfserver_1.0.0,path-traversal,CWE-22,gyfserver,1.0.0,,,,,index.js,7,gyfserver.test.js,False,False,True,False
path-traversal/hangersteak_0.2.2,path-traversal,CWE-22,hangersteak,0.2.2,,0.2.5,eldoy/hangersteak,9e853cced065c5a98f242c7ac75438d035f63532,lib/hangersteak.js,61,hangersteak.test.js,False,True,True,False
path-traversal/hdsdhhksjd_1.0.0,path-traversal,CWE-22,hdsdhhksjd,1.0.0,,,,,index.js,7,hdsdhhksjd.test.js,False,False,True,False
path-traversal/hftp_0.0.6,path-traversal,CWE-22,hftp,0.0.6,CVE-2017-16039,,,,lib/static_server.js,91,hftp.test.js,True,False,True,False
path-traversal/hostr_2.0.0,path-traversal,CWE-22,hostr,2.0.0,CVE-2017-16029,2.3.6,henrytseng/hostr,789a00047459fd80b6f0a9701a1378a47fb73ba8,lib/routes/static.js,56,hostr.test.js,True,True,True,True
path-traversal/http-file-server_0.2.6,path-traversal,CWE-22,http-file-server,0.2.6,CVE-2019-5447,,,,http-file-server.js,200,http-file-server.test.js,True,False,True,False
path-traversal/http-live-simulator_1.0.0,path-traversal,CWE-22,http-live-simulator,1.0.0,CVE-2018-16479,1.0.7,,,bin/http-live,55,http-live-simulator.test.js,True,True,True,True
path-traversal/httpea_3.0.4,path-traversal,CWE-22,httpea,3.0.4,,,,,index.js,48,httpea.test.js,False,False,True,False
path-traversal/infraserver_0.0.1,path-traversal,CWE-22,infraserver,0.0.1,CVE-2017-16142,,,,Infra.data.js,137,infraserver.test.js,True,False,True,False
path-traversal/intsol-package_1.0.0,path-traversal,CWE-22,intsol-package,1.0.0,CVE-2017-16178,,,,index.js,35,intsol-package.test.js,True,False,True,False
path-traversal/isv-http_0.0.9,path-traversal,CWE-22,isv-http,0.0.9,,,,,index.js,47,isv-http.test.js,False,False,True,False
path-traversal/lander_1.0.0,path-traversal,CWE-22,lander,1.0.0,,,,,index.js,33,lander.test.js,False,False,True,False
path-traversal/lessindex_1.0.0,path-traversal,CWE-22,lessindex,1.0.0,CVE-2017-16211,,,,index.js,5,lessindex.test.js,True,False,True,False
path-traversal/lihuini_1.0.0,path-traversal,CWE-22,lihuini,1.0.0,,,,,index.js,5,lihuini.test.js,False,False,True,False
path-traversal/liuyaserver_1.0.0,path-traversal,CWE-22,liuyaserver,1.0.0,CVE-2017-16170,,,,node.js,7,liuyaserver.test.js,True,False,True,False
path-traversal/liyujing_1.1.0,path-traversal,CWE-22,liyujing,1.1.0,CVE-2017-16120,,,,index.js,5,liyujing.test.js,True,False,True,False
path-traversal/ljjnodeserve_1.0.0,path-traversal,CWE-22,ljjnodeserve,1.0.0,,,,,index.js,23,ljjnodeserve.test.js,False,False,True,False
path-traversal/looppake_3.0.0,path-traversal,CWE-22,looppake,3.0.0,CVE-2017-16169,,,,index.js,9,looppake.test.js,True,False,True,False
path-traversal/ltt.js_1.0.0,path-traversal,CWE-22,ltt.js,1.0.0,,,,,index.js,7,ltt_js.test.js,False,False,True,False
path-traversal/ltt_1.1.0,path-traversal,CWE-22,ltt,1.1.0,CVE-2017-16212,,,,index.js,7,ltt.test.js,True,False,True,False
path-traversal/lzl123_1.1.0,path-traversal,CWE-22,lzl123,1.1.0,,,,,index.js,8,lzl123.test.js,False,False,True,False
path-traversal/m-server_1.4.0,path-traversal,CWE-22,m-server,1.4.0,CVE-2018-16485,1.4.2,nunnly/m-server,01f13f040d1961ca3146dce7e2db990156e65e9a,lib/index.js,14,m-server.test.js,True,True,True,True
path-traversal/mcstatic_0.0.20,path-traversal,CWE-22,mcstatic,0.0.20,CVE-2018-16482,0.0.20,,,lib/responseHandlers.js,23,mcstatic.test.js,True,True,True,True
path-traversal/mfrs_1.0.0,path-traversal,CWE-22,mfrs,1.0.0,CVE-2017-16193,,,,index.js,6,mfrs.test.js,True,False,True,False
path-traversal/mfrserver_1.0.0,path-traversal,CWE-22,mfrserver,1.0.0,CVE-2017-16213,,,,index.js,6,mfrserver.test.js,True,False,True,False
path-traversal/my-sn_1.0.1,path-traversal,CWE-22,my-sn,1.0.1,,,,,server.js,41,my-sn.test.js,False,False,True,False
path-traversal/myprolyz_1.1.0,path-traversal,CWE-22,myprolyz,1.1.0,CVE-2017-16156,,,,index.js,9,myprolyz.test.js,True,False,True,False
path-traversal/myserve111_1.1.2,path-traversal,CWE-22,myserve111,1.1.2,,,,,index.js,5,myserve111.test.js,False,False,True,False
path-traversal/nitro-server_1.3.3,path-traversal,CWE-22,nitro-server,1.3.3,,,,,server.js,148,nitro-server.test.js,False,False,True,False
path-traversal/node-cxc_1.0.0,path-traversal,CWE-22,node-cxc,1.0.0,,,,,app.js,24,node-cxc.test.js,False,False,True,False
path-traversal/node-http-server_8.1.2,path-traversal,CWE-22,node-http-server,8.1.2,,,,,server/Server.js,494,node-http-server.test.js,False,False,True,False
path-traversal/node-simple-router_0.10.0,path-traversal,CWE-22,node-simple-router,0.10.0,CVE-2017-16083,0.10.1,sandy98/node-simple-router,dfdd52e2e80607af433097d940b3834fd96df488,lib/router.js,757,node-simple-router.test.js,True,True,True,True
path-traversal/node-srv_2.0.0,path-traversal,CWE-22,node-srv,2.0.0,CVE-2018-3714,2.1.1,nim579/node-srv,15be996c0520ac6e4dee0cf0808fc7e72effd2a2,lib/server.js,185,node-srv.test.js,True,True,True,True
path-traversal/node-static-webserver_0.0.1,path-traversal,CWE-22,node-static-webserver,0.0.1,,,,,node-static-webserver.js,79,node-static-webserver.test.js,False,False,True,False
path-traversal/node-staticserver_1.0.3,path-traversal,CWE-22,node-staticserver,1.0.3,,,,,lib/server.js,183,node-staticserver.test.js,False,False,True,False
path-traversal/nodeaaaaa_1.3.0,path-traversal,CWE-22,nodeaaaaa,1.3.0,CVE-2017-16223,,,,index.js,11,nodeaaaaa.test.js,True,False,True,False
path-traversal/nodejsccc_1.0.0,path-traversal,CWE-22,nodejsccc,1.0.0,,,,,index.js,22,nodejsccc.test.js,False,False,True,False
path-traversal/nopach_0.1.1,path-traversal,CWE-22,nopach,0.1.1,,,,,nopach.js,159,nopach.test.js,False,False,True,False
path-traversal/open-device_4.0.1,path-traversal,CWE-22,open-device,4.0.1,CVE-2017-16187,,,,lib/server-accessible.js,14,open-device.test.js,True,False,True,False
path-traversal/paopao613_1.0.0,path-traversal,CWE-22,paopao613,1.0.0,,,,,index.js,7,paopao613.test.js,False,False,True,False
path-traversal/peiserver_1.0.0,path-traversal,CWE-22,peiserver,1.0.0,CVE-2017-16214,,,,index.js,13,peiserver.test.js,True,False,True,False
path-traversal/pico-static-server_2.3.4,path-traversal,CWE-22,pico-static-server,2.3.4,,3.0.2,,,index.js,118,pico-static-server.test.js,False,True,True,False
path-traversal/proxey_0.4.2,path-traversal,CWE-22,proxey,0.4.2,,,,,proxey.js,191,proxey.test.js,False,False,True,False
path-traversal/ptest_1.0.0,path-traversal,CWE-22,ptest,1.0.0,,,,,server.js,43,ptest.test.js,False,False,True,False
path-traversal/public_0.1.2,path-traversal,CWE-22,public,0.1.2,,0.1.3,tnantoka/public,eae8ad8017b260f8667ded5e12801bd72b877af2,bin/public,78,public.test.js,False,True,True,False
path-traversal/pytservce_1.0.0,path-traversal,CWE-22,pytservce,1.0.0,CVE-2017-16195,,,,index.js,13,pytservce.test.js,True,False,True,False
path-traversal/ritp_1.0.5,path-traversal,CWE-22,ritp,1.0.5,CVE-2017-16198,,,,index.js,53,ritp.test.js,True,False,True,False
path-traversal/rjpserver_1.0.0,path-traversal,CWE-22,rjpserver,1.0.0,,,,,index.js,8,rjpserver.test.js,False,False,True,False
path-traversal/rollup-plugin-dev-server_0.4.3,path-traversal,CWE-22,rollup-plugin-dev-server,0.4.3,CVE-2020-7686,,,,dist/index.cjs.js,128,rollup-plugin-dev-server.test.js,True,False,True,False
path-traversal/rollup-plugin-serve-favicon_0.4.2,path-traversal,CWE-22,rollup-plugin-serve,0.4.2,CVE-2020-7684,,,,dist/index.cjs.js,111,rollup-plugin-serve-favicon.test.js,True,False,True,False
path-traversal/rollup-plugin-serve_0.4.2,path-traversal,CWE-22,rollup-plugin-serve,0.4.2,CVE-2020-7684,,,,dist/index.cjs.js,111,rollup-plugin-serve.test.js,True,False,True,False
path-traversal/rollup-plugin-server_0.7.0,path-traversal,CWE-22,rollup-plugin-server,0.7.0,CVE-2020-7683,,,,dist/index.cjs.js,111,rollup-plugin-server.test.js,True,False,True,False
path-traversal/rtcmulticonnection-client_1.0.5,path-traversal,CWE-22,rtcmulticonnection-client,1.0.5,CVE-2017-16125,,,,server.js,30,rtcmulticonnection-client.test.js,True,False,True,False
path-traversal/run-this-place_1.0.2,path-traversal,CWE-22,run-this-place,1.0.2,,,,,index.js,53,run-this-place.test.js,False,False,True,False
path-traversal/sabu_1.0.6,path-traversal,CWE-22,sabu,1.0.6,,,,,utils.js,52,sabu.test.js,False,False,True,False
path-traversal/serve-here.js_1.1.0,path-traversal,CWE-22,serve-here.js,1.1.0,CVE-2019-5444,1.2.0,ChristoPy/serve-here.js,cefb51d03290b6a88dd13143ab2de31b8cf57c39,source/server.js,27,serve-here_js.test.js,True,True,True,True
path-traversal/serve46_1.0.0,path-traversal,CWE-22,serve46,1.0.0,CVE-2017-16148,,,,index.js,19,serve46.test.js,True,False,True,False
path-traversal/server12311_1.2.0,path-traversal,CWE-22,server12311,1.2.0,,,,,index.js,5,server12311.test.js,False,False,True,False
path-traversal/serverabc_1.0.0,path-traversal,CWE-22,serverabc,1.0.0,CVE-2017-16180,,,,index.js,9,serverabc.test.js,True,False,True,False
path-traversal/serverfff_1.1.1,path-traversal,CWE-22,serverfff,1.1.1,,,,,index.js,7,serverfff.test.js,False,False,True,False
path-traversal/servergmf_1.1.0,path-traversal,CWE-22,servergmf,1.1.0,,,,,index.js,5,servergmf.test.js,False,False,True,False
path-traversal/serverhuwenhui_1.1.0,path-traversal,CWE-22,serverhuwenhui,1.1.0,CVE-2017-16102,,,,node.js,5,serverhuwenhui.test.js,True,False,True,False
path-traversal/serverliujiayi1_1.1.0,path-traversal,CWE-22,serverliujiayi1,1.1.0,CVE-2017-16095,,,,index.js,5,serverliujiayi1.test.js,True,False,True,False
path-traversal/serverlyj333_1.1.0,path-traversal,CWE-22,serverlyj333,1.1.0,,,,,index.js,9,serverlyj333.test.js,False,False,True,False
path-traversal/serverlyr_1.1.0,path-traversal,CWE-22,serverlyr,1.1.0,CVE-2017-16089,,,,index.js,5,serverlyr.test.js,True,False,True,False
path-traversal/servershuai_1.2.0,path-traversal,CWE-22,servershuai,1.2.0,,,,,index.js,8,servershuai.test.js,False,False,True,False
path-traversal/serversyysyy_1.1.0,path-traversal,CWE-22,serversyysyy,1.1.0,,,,,index.js,18,serversyysyy.test.js,False,False,True,False
path-traversal/serverwg_1.0.0,path-traversal,CWE-22,serverwg,1.0.0,CVE-2017-16101,,,,index.js,5,serverwg.test.js,True,False,True,False
path-traversal/serverwzl_1.3.1,path-traversal,CWE-22,serverwzl,1.3.1,CVE-2017-16105,,,,index.js,5,serverwzl.test.js,True,False,True,False
path-traversal/serverxh_1.0.0,path-traversal,CWE-22,serverxh,1.0.0,,,,,index.js,5,serverxh.test.js,False,False,True,False
path-traversal/serverxxx_1.0.0,path-traversal,CWE-22,serverxxx,1.0.0,CVE-2017-16182,,,,index.js,12,serverxxx.test.js,True,False,True,False
path-traversal/serveryaozeyan_1.0.4,path-traversal,CWE-22,serveryaozeyan,1.0.4,CVE-2017-16096,,,,index.js,5,serveryaozeyan.test.js,True,False,True,False
path-traversal/serveryyl_1.1.0,path-traversal,CWE-22,serveryyl,1.1.0,,,,,index.js,6,serveryyl.test.js,False,False,True,False
path-traversal/serveryztyzt_1.4.0,path-traversal,CWE-22,serveryztyzt,1.4.0,CVE-2017-16103,,,,node.js,5,serveryztyzt.test.js,True,False,True,False
path-traversal/serverzyqzyq_1.1.0,path-traversal,CWE-22,serverzyqzyq,1.1.0,,,,,index.js,5,serverzyqzyq.test.js,False,False,True,False
path-traversal/serverzyy_1.0.0,path-traversal,CWE-22,serverzyy,1.0.0,CVE-2017-16135,,,,index.js,8,serverzyy.test.js,True,False,True,False
path-traversal/servewuqianqianqian_1.0.0,path-traversal,CWE-22,servewuqianqianqian,1.0.0,,,,,index.js,5,servewuqianqianqian.test.js,False,False,True,False
path-traversal/servey_2.2.0,path-traversal,CWE-22,servey,2.2.0,CVE-2020-8214,3.0.0,,,lib/server/index.js,60,servey.test.js,True,True,True,True
path-traversal/severzlt_1.0.0,path-traversal,CWE-22,severzlt,1.0.0,,,,,index.js,9,severzlt.test.js,False,False,True,False
path-traversal/sgqserve_1.0.0,path-traversal,CWE-22,sgqserve,1.0.0,CVE-2017-16215,,,,index.js,22,sgqserve.test.js,True,False,True,False
path-traversal/shenliru3_1.3.0,path-traversal,CWE-22,shenliru3,1.3.0,,,,,index.js,7,shenliru3.test.js,False,False,True,False
path-traversal/shenliru_1.2.0,path-traversal,CWE-22,shenliru,1.2.0,CVE-2017-16161,,,,index.js,7,shenliru.test.js,True,False,True,False
path-traversal/shit-server_1.0.0,path-traversal,CWE-22,shit-server,1.0.0,CVE-2017-16147,,,,index.js,76,shit-server.test.js,True,False,True,False
path-traversal/simple-mock-server_0.2.1,path-traversal,CWE-22,simple-mock-server,0.2.1,,,,,lib/simple-mock-server.js,62,simple-mock-server.test.js,False,False,True,False
path-traversal/songcaihong_1.0.0,path-traversal,CWE-22,songcaihong,1.0.0,,,,,index.js,5,songcaihong.test.js,False,False,True,False
path-traversal/srverqq_1.0.0,path-traversal,CWE-22,srverqq,1.0.0,,,,,index.js,32,srverqq.test.js,False,False,True,False
path-traversal/starfruit_0.2.2,path-traversal,CWE-22,sleep,^6.3.0,,,,,,,starfruit.test.js,False,False,False,False
path-traversal/static-html-server_0.1.2,path-traversal,CWE-22,static-html-server,0.1.2,CVE-2017-16152,,,,static-html-server.js,60,static-html-server.test.js,True,False,True,False
path-traversal/static-server-gx_1.2.1,path-traversal,CWE-22,static-server-gx,1.2.1,,,,,server.js,7,static-server-gx.test.js,False,False,True,False
path-traversal/statichttpserver_0.9.7,path-traversal,CWE-22,statichttpserver,0.9.7,CVE-2019-5480,,,,lib/middleware/respond.js,28,statichttpserver.test.js,True,False,True,False
path-traversal/statics-server_0.0.9,path-traversal,CWE-22,statics-server,0.0.9,CVE-2019-15596,,,,index.js,37,statics-server.test.js,True,False,True,False
path-traversal/stattic_0.2.3,path-traversal,CWE-22,stattic,0.2.3,CVE-2018-3734,0.3.0,,,index.js,117,stattic.test.js,True,True,True,True
path-traversal/susu-sum_1.0.0,path-traversal,CWE-22,susu-sum,1.0.0,CVE-2017-16199,,,,node.js,5,susu-sum.test.js,True,False,True,False
path-traversal/tinyserver2_0.5.2,path-traversal,CWE-22,tinyserver2,0.5.2,CVE-2017-16085,0.6.1,,,tinyserver.js,27,tinyserver2.test.js,True,True,True,True
path-traversal/tinyserver_0.1.1,path-traversal,CWE-22,tinyserver,0.1.1,,,,,lib/main.js,52,tinyserver.test.js,False,False,True,False
path-traversal/uekw1511server_1.0.1,path-traversal,CWE-22,uekw1511server,1.0.1,CVE-2017-16185,,,,index.js,14,uekw1511server.test.js,True,False,True,False
path-traversal/ussasasa_1.0.0,path-traversal,CWE-22,ussasasa,1.0.0,,,,,index.js,8,ussasasa.test.js,False,False,True,False
path-traversal/wangguojing123_1.3.0,path-traversal,CWE-22,wangguojing123,1.3.0,CVE-2017-16150,,,,index.js,10,wangguojing123.test.js,True,False,True,False
path-traversal/wangshuai_1.0.0,path-traversal,CWE-22,wangshuai,1.0.0,,,,,index.js,5,wangshuai.test.js,False,False,True,False
path-traversal/web-node-server_0.1.0,path-traversal,CWE-22,web-node-server,0.1.0,,0.0.11,,,nodeserver.js,85,web-node-server.test.js,False,True,True,False
path-traversal/webrepl_0.4.7,path-traversal,CWE-22,webrepl,0.4.7,,,,,webrepl.js,177,webrepl.test.js,False,False,True,False
path-traversal/welcomyzt_1.1.0,path-traversal,CWE-22,welcomyzt,1.1.0,CVE-2017-16123,,,,node.js,5,welcomyzt.test.js,True,False,True,False
path-traversal/wenluhong111_1.0.0,path-traversal,CWE-22,wenluhong111,1.0.0,,,,,index.js,5,wenluhong111.test.js,False,False,True,False
path-traversal/wenluhong11_1.0.0,path-traversal,CWE-22,wenluhong11,1.0.0,,,,,index.js,5,wenluhong11.test.js,False,False,True,False
path-traversal/wenluhong1_1.0.0,path-traversal,CWE-22,wenluhong1,1.0.0,,,,,index.js,5,wenluhong1.test.js,False,False,True,False
path-traversal/wffserve_1.0.0,path-traversal,CWE-22,wffserve,1.0.0,CVE-2017-16168,,,,index.js,24,wffserve.test.js,True,False,True,False
path-traversal/willvdb_test_server_0.0.0,path-traversal,CWE-22,willvdb_test_server,0.0.0,,,,,cityserver.js,57,willvdb_test_server.test.js,False,False,True,False
path-traversal/wind-mvc_0.0.6,path-traversal,CWE-22,wind-mvc,0.0.6,CVE-2017-16220,,,,lib/util/util4HTML.js,7,wind-mvc.test.js,True,False,True,False
path-traversal/wintiwebdev_1.0.0,path-traversal,CWE-22,wintiwebdev,1.0.0,CVE-2017-16181,,,,app.js,16,wintiwebdev.test.js,True,False,True,False
path-traversal/wrlc_0.2.5,path-traversal,CWE-22,wrlc,0.2.5,,,,,index.js,26,wrlc.test.js,False,False,True,False
path-traversal/wuzhuang_1.0.0,path-traversal,CWE-22,wuzhuang,1.0.0,,,,,index.js,12,wuzhuang.test.js,False,False,True,False
path-traversal/wuzhuangserver_1.8.0,path-traversal,CWE-22,wuzhuangserver,1.8.0,,,,,index.js,12,wuzhuangserver.test.js,False,False,True,False
path-traversal/xbhxbh_1.1.0,path-traversal,CWE-22,xbhxbh,1.1.0,,,,,xbh.js,8,xbhxbh.test.js,False,False,True,False
path-traversal/xingbaohai_1.0.0,path-traversal,CWE-22,xingbaohai,1.0.0,,,,,index.js,8,xingbaohai.test.js,False,False,True,False
path-traversal/xxf11_1.0.1,path-traversal,CWE-22,xxf11,1.0.1,,,,,index.js,8,xxf11.test.js,False,False,True,False
path-traversal/yjmyjmyjm_1.0.0,path-traversal,CWE-22,yjmyjmyjm,1.0.0,,,,,index.js,5,yjmyjmyjm.test.js,False,False,True,False
path-traversal/yxxserver_1.0.0,path-traversal,CWE-22,yxxserver,1.0.0,,,,,index.js,5,yxxserver.test.js,False,False,True,False
path-traversal/yyooopack_3.0.0,path-traversal,CWE-22,yyooopack,3.0.0,CVE-2017-16167,,,,node.js,5,yyooopack.test.js,True,False,True,False
path-traversal/yypsulie11_1.0.0,path-traversal,CWE-22,yypsulie11,1.0.0,,,,,index.js,9,yypsulie11.test.js,False,False,True,False
path-traversal/yzt_1.4.0,path-traversal,CWE-22,yzt,1.4.0,CVE-2017-16221,,,,node.js,5,yzt.test.js,True,False,True,False
path-traversal/zhanglina_1.0.0,path-traversal,CWE-22,zhanglina,1.0.0,,,,,index.js,10,zhanglina.test.js,False,False,True,False
path-traversal/zhangranbigman_0.0.1,path-traversal,CWE-22,zhangranbigman,0.0.1,,,,,my-lib/lib/static.js,21,zhangranbigman.test.js,False,False,True,False
path-traversal/zhaolei1111_1.1.0,path-traversal,CWE-22,zhaolei1111,1.1.0,,,,,index.js,5,zhaolei1111.test.js,False,False,True,False
path-traversal/zjjserver_1.0.0,path-traversal,CWE-22,zjjserver,1.0.0,CVE-2017-16201,,,,index.js,19,zjjserver.test.js,True,False,True,False
path-traversal/zs123_1.0.0,path-traversal,CWE-22,zs123,1.0.0,,,,,node.js,13,zs123.test.js,False,False,True,False
path-traversal/zwserver_0.1.1,path-traversal,CWE-22,zwserver,0.1.1,CVE-2017-16149,,,,server.js,32,zwserver.test.js,True,False,True,False
path-traversal/zxyserver_1.0.0,path-traversal,CWE-22,zxyserver,1.0.0,,,,,index.js,10,zxyserver.test.js,False,False,True,False
prototype-pollution/101_1.0.0,prototype-pollution,CWE-1321,101,1.0.0,CVE-2021-25943,,,,index.js,32,101.test.js,True,False,True,False
prototype-pollution/algoliasearch-helper_3.6.0,prototype-pollution,CWE-1321,algoliasearch-helper,3.6.0,CVE-2021-23433,3.6.2,algolia/algoliasearch-helper-js,4ff542b70b92a6b81cce8b9255700b0bc0817edd,src/functions/merge.js,38,algoliasearch-helper.test.js,True,True,True,True
prototype-pollution/arr-flatten-unflatten_1.1.4,prototype-pollution,CWE-1321,arr-flatten-unflatten,1.1.4,CVE-2020-7713,,,,unflatten.js,17,arr-flatten-unflatten.test.js,True,False,True,False
prototype-pollution/asciitable.js_1.0.2,prototype-pollution,CWE-1321,asciitable.js,1.0.2,CVE-2020-7771,1.0.3,,,asciitable.umd.js,50,asciitable.test.js,True,True,True,True
prototype-pollution/assign-deep_1.0.0,prototype-pollution,CWE-1321,assign-deep,1.0.0,CVE-2019-10745,1.0.1,jonschlinkert/assign-deep,90bf1c551d05940898168d04066bbf15060f50cc,index.js,22,assign-deep.test.js,True,True,True,True
prototype-pollution/aurelia-path_1.1.7,prototype-pollution,CWE-1321,aurelia-path,1.1.0,CVE-2021-41097,1.1.7,,,dist/commonjs/aurelia-path.js,163,aurelia-path.test.js,True,True,True,True
prototype-pollution/aws-sdk-shared-ini-file-loader_1.0.0-rc.8,prototype-pollution,CWE-1321,@aws-sdk/shared-ini-file-loader,1.0.0-rc.8,CVE-2020-28472,1.0.0-rc.9,aws/aws-sdk-js,7d72aff2a941173733fcb6741b104cd83d3bc611,shared-ini-file-loader/src/index.ts,108,aws-sdk-shared-ini-file-loader.test.js,True,True,True,True
prototype-pollution/bmoor_0.8.11,prototype-pollution,CWE-1321,bmoor,0.8.11,CVE-2020-7736,0.8.12,,,src/core.js,194,bmoor.test.js,True,True,True,True
prototype-pollution/bodymen_1.0.0,prototype-pollution,CWE-1321,bodymen,1.0.0,CVE-2019-10792,1.1.1,diegohaz/bodymen,5d52e8cf360410ee697afd90937e6042c3a8653b,dist/index.js,44,bodymen.test.js,True,True,True,True
prototype-pollution/brikcss-merge_1.3.0,prototype-pollution,CWE-1321,@brikcss/merge,1.3.0,,,,,merge/dist/lib/merge.js,2,@brikcss-merge.test.js,False,False,True,False
prototype-pollution/cached-path-relative_1.0.1,prototype-pollution,CWE-1321,cached-path-relative,1.0.1,CVE-2018-16472,1.0.2,ashaffer/cached-path-relative,a43cffec84ed0e9eceecb43b534b6937a8028fc0,lib/index.js,39,cached-path-relative.test.js,True,True,True,True
prototype-pollution/changeset_0.1.0,prototype-pollution,CWE-1321,changeset,0.1.0,CVE-2021-25915,0.2.6,eugeneware/changeset,9e588844edbb9993b32e7366cc799262b4447f99,index.js,81,changeset.test.js,True,True,True,True
prototype-pollution/class-transformer_0.1.1,prototype-pollution,CWE-1321,class-transformer,0.1.1,CVE-2020-7637,0.3.1,,,TransformOperationExecutor.ts,163,class-transformer.test.js,True,True,True,True
prototype-pollution/component-flatten_1.0.1,prototype-pollution,CWE-1321,component-flatten,1.0.1,CVE-2019-10794,,,,index.js,56,component-flatten.test.js,True,False,True,False
prototype-pollution/confinit_0.3.0,prototype-pollution,CWE-1321,confinit,0.3.0,CVE-2020-7638,0.4.0,davideicardi/confinit,a34e06ca5c1c8b047ef112ef188b2fe30d2a1eab,index.ts,112,confinit.test.js,True,True,True,True
prototype-pollution/confucious_0.0.12,prototype-pollution,CWE-1321,confucious,0.0.12,CVE-2020-7714,,,,confucious.js,48,confucious.test.js,True,False,True,False
prototype-pollution/connie_0.1.0,prototype-pollution,CWE-1321,connie,0.1.0,CVE-2020-7706,0.1.1,mattinsler/connie-lang,ef376d404c712dd28309ba07f28a8f87f24a015a,lib/connie-lang.js,43,connie.test.js,True,True,True,True
prototype-pollution/controlled-merge_1.0.0,prototype-pollution,CWE-1321,controlled-merge,1.0.0,CVE-2020-28268,1.3.0,hlfshell/controlled-merge,5a4b2e9ffe5a0be7f8843d4ab038599d3ae5f9d4,,,controlled-merge.test.js,True,True,False,False
prototype-pollution/convict_6.0.0,prototype-pollution,CWE-1321,convict,6.0.0,,6.0.1,,,src/main.js,565,convict.test.js,False,True,True,False
prototype-pollution/cookiex-deep_0.0.6,prototype-pollution,CWE-1321,@cookiex/deep,0.0.6,CVE-2021-23442,,,,deep/dist/assigner.js,13,cookiex-deep.test.js,True,False,True,False
prototype-pollution/copy-props_2.0.4,prototype-pollution,CWE-1321,copy-props,2.0.4,CVE-2020-28503,2.0.5,,,index.js,197,copy-props.test.js,True,True,False,False
prototype-pollution/deap_1.0.0,prototype-pollution,CWE-1321,deap,1.0.0,CVE-2018-3749,1.0.1,,,lib/connie-lang.js,35,deap.test.js,True,True,True,True
prototype-pollution/decal_2.0.0,prototype-pollution,CWE-1321,decal,2.0.0,CVE-2020-28449,,,,src/utils/set.js,62,decal.test.js,True,False,True,False
prototype-pollution/decal_2.1.3,prototype-pollution,CWE-1321,decal,2.1.3,CVE-2020-28450,,,,src/utils/extend.js,50,decal.test.js,True,False,True,False
prototype-pollution/deep-defaults_1.0.5,prototype-pollution,CWE-1321,deep-defaults,1.0.5,CVE-2021-25944,,,,lib/index.js,16,deep-defaults.test.js,True,False,True,False
prototype-pollution/deep-extend_0.5.0,prototype-pollution,CWE-1321,deep-extend,0.5.0,CVE-2018-3750,0.5.1,unclechu/node-deep-extend,433ee51ed606f4e1867ece57b6ff5a47bebb492f,lib/deep-extend.js,117,deep-extend.test.js,True,True,True,True
prototype-pollution/deep-get-set_1.1.0,prototype-pollution,CWE-1321,deep-get-set,1.1.0,CVE-2020-7715,,,,index.js,30,deep-get-set.test.js,True,False,True,False
prototype-pollution/deep-override_1.0.0,prototype-pollution,CWE-1321,deep-override,1.0.0,CVE-2021-25941,1.0.2,ASaiAnudeep/deep-override,2aced17651fb684959a6e04b1465a8329b3d5268,src/index.js,53,deep-override.test.js,True,True,True,True
prototype-pollution/deep-set_1.0.0,prototype-pollution,CWE-1321,deep-set,1.0.0,CVE-2020-28276,,,,index.js,33,deep-set.test.js,True,False,True,False
prototype-pollution/deephas_1.0.5,prototype-pollution,CWE-1321,deephas,1.0.5,CVE-2020-28271,1.0.7,sharpred/deepHas,2fe011713a6178c50f7deb6f039a8e5435981e20,deepHas.js,65,deephas.test.js,True,True,True,True
prototype-pollution/deeply_3.0.0,prototype-pollution,CWE-1321,deeply,3.0.0,CVE-2019-10750,3.1.0,alexindigo/deeply,6eccb2f03ec8d3eefc6805053c4cc2a36aab1505,lib/reduce_object.js,19,deeply.test.js,True,True,True,True
prototype-pollution/deepmergefn_1.1.0,prototype-pollution,CWE-1321,deepmergefn,1.1.0,CVE-2021-23417,,,,index.js,12,deepmergefn.test.js,True,False,True,False
prototype-pollution/deepref_1.1.1,prototype-pollution,CWE-1321,deepref,1.1.1,CVE-2020-28274,1.2.1,isaymatato/deepref,24935e6a1060cb09c641d3075982f0b44cfca4c2,index.js,29,deepref.test.js,True,True,True,True
prototype-pollution/deeps_1.4.5,prototype-pollution,CWE-1321,deeps,1.4.5,CVE-2020-7716,,,,index.js,226,deeps.test.js,True,False,True,False
prototype-pollution/defaults-deep_0.2.0,prototype-pollution,CWE-1321,defaults-deep,0.2.0,CVE-2018-3723,0.2.4,jonschlinkert/defaults-deep,c873f341327ad885ff4d0f23b3d3bca31b0343e5,index.js,20,defaults-deep.test.js,True,True,True,True
prototype-pollution/defaults-deep_0.2.4,prototype-pollution,CWE-1321,defaults-deep,0.2.4,CVE-2018-16486,,,,index.js,26,defaults-deep.test.js,True,False,True,False
prototype-pollution/doc-path_2.0.0,prototype-pollution,CWE-1321,doc-path,2.0.0,CVE-2020-7772,2.3.0,mrodrig/doc-path,3e2bb168cf303bffcd7fae5f8d05e5300c1541c7,src/path.js,54,doc-path.test.js,True,True,True,True
prototype-pollution/dot-notes_3.2.0,prototype-pollution,CWE-1321,dot-notes,3.2.0,CVE-2020-7717,,,,lib/create.js,43,dot-notes.test.js,True,False,True,False
prototype-pollution/dot-object_2.1.2,prototype-pollution,CWE-1321,dot-object,2.1.2,CVE-2019-10793,2.1.3,rhalff/dot-object,f76cff5fe6d01d30ce110d8f454db2e5bd28a7de,index.js,415,dot-object.test.js,True,True,True,True
prototype-pollution/dot-prop_2.0.0,prototype-pollution,CWE-1321,dot-prop,2.0.0,CVE-2020-8116,5.1.1,sindresorhus/dot-prop,3039c8c07f6fdaa8b595ec869ae0895686a7a0f2,index.js,32,dot-prop.test.js,True,True,True,True
prototype-pollution/dotty_0.0.1,prototype-pollution,CWE-1321,dotty,0.0.1,CVE-2021-23624,0.1.2,deoxxa/dotty,88f61860dcc274a07a263c32cbe9d44c24ef02d7,lib/index.js,147,dotty.test.js,True,True,True,True
prototype-pollution/dset_1.0.0,prototype-pollution,CWE-1321,dset,1.0.0,CVE-2020-28277,2.1.0,,,dist/dset.js,6,dset.test.js,True,True,True,True
prototype-pollution/eivifj-dot_1.0.2,prototype-pollution,CWE-1321,@eivifj/dot,1.0.2,CVE-2020-7639,1.0.3,eivindfjeldstad/dot,774e4b0c97ca35d2ae40df2cd14428d37dd07a0b,dot/index.js,22,eivifj-dot.test.js,True,True,True,True
prototype-pollution/eivindfjeldstad-dot_0.0.1,prototype-pollution,CWE-1321,eivindfjeldstad-dot,0.0.1,CVE-2020-7639,,eivindfjeldstad/dot,774e4b0c97ca35d2ae40df2cd14428d37dd07a0b,index.js,20,eivindfjeldstad-dot.test.js,True,True,True,True
prototype-pollution/expand-hash_1.0.1,prototype-pollution,CWE-1321,expand-hash,1.0.1,CVE-2021-25948,,,,index.js,19,expand-hash.test.js,True,False,True,False
prototype-pollution/extend-merge_1.0.5,prototype-pollution,CWE-1321,extend-merge,1.0.5,,1.0.6,crysalead-js/extend-merge,6c8dc4e4b5983fa3e85544716f8e347dea2ba3b0,base-extend.js,41,extend-merge.test.js,False,True,True,False
prototype-pollution/extend_3.0.1,prototype-pollution,CWE-1321,extend,3.0.1,CVE-2018-16492,1.0.1,justmoon/node-extend,0e68e71d93507fcc391e398bc84abd0666b28190,index.js,77,extend.test.js,True,True,True,True
prototype-pollution/fabiocaccamo-utils.js_0.17.0,prototype-pollution,CWE-1321,@fabiocaccamo/utils.js,0.17.0,CVE-2021-3815,,fabiocaccamo/utils.js,102efafb291ce1916985514440d3bf8a6826890a,utils.js/dist/utils.js,2365,fabiocaccamo-utils.test.js,True,True,True,True
prototype-pollution/fast-json-patch_2.0.4,prototype-pollution,CWE-1321,fast-json-patch,2.0.4,,2.2.1,Starcounter-Jack/JSON-Patch,dd5d353f5d65888aeac91359484a73f0e2a9e5bd,lib/core.js,28,fast-json-patch.test.js,False,True,False,False
prototype-pollution/field_1.0.1,prototype-pollution,CWE-1321,field,1.0.1,CVE-2020-28269,,,,lib/field.js,50,field.test.js,True,False,True,False
prototype-pollution/firebase-util_0.3.2,prototype-pollution,CWE-1321,@firebase/util,0.3.2,CVE-2020-7765,0.3.4,,,util/src/deepCopy.ts,68,firebase-util.test.js,True,True,True,True
prototype-pollution/firebase-util_0.3.3-canary.c47ba31d0,prototype-pollution,CWE-1321,@firebase/util,0.3.3,CVE-2020-7765,0.3.4,firebase/firebase-js-sdk,9cf727fcc3d049551b16ae0698ac33dc2fe45ada,util/src/deepCopy.ts,68,firebase-util.test.js,True,True,True,True
prototype-pollution/flat-wrap_1.0.2,prototype-pollution,CWE-1321,flat-wrap,1.0.2,,,,,index.js,193,flat-wrap.test.js,False,False,True,False
prototype-pollution/flat_5.0.0,prototype-pollution,CWE-1321,flat,5.0.0,CVE-2021-25927,2.0.2,jessie-codes/safe-flat,4b9b7db976bba8c968354f4315f5f9c219b7cbf3,index.js,145,flat.test.js,True,True,True,True
prototype-pollution/flattenizer_0.0.5,prototype-pollution,CWE-1321,flattenizer,0.0.5,CVE-2020-28279,1.1.1,,,lib/flattenizer.min.js,1,flattenizer.test.js,True,True,True,True
prototype-pollution/fluentui-styles_0.47.15,prototype-pollution,CWE-1321,@fluentui/styles,0.47.15,,0.50.0,,,styles/dist/commonjs/deepmerge.ts,16,fluentui-styles.test.js,False,True,True,False
prototype-pollution/gammautils_0.0.81,prototype-pollution,CWE-1321,gammautils,0.0.81,CVE-2020-7718,,,,lib/objectUtils.js,146,gammautils.test.js,True,False,True,False
prototype-pollution/gedi_1.6.3,prototype-pollution,CWE-1321,gedi,1.6.3,CVE-2020-7727,,,,gedi.js,393,gedi.test.js,True,False,True,False
prototype-pollution/getobject_0.1.0,prototype-pollution,CWE-1321,getobject,0.1.0,CVE-2020-28282,1.0.0,,,lib/getobject.js,48,getobject.test.js,True,True,True,True
prototype-pollution/getsetdeep_4.15.0,prototype-pollution,CWE-1321,getsetdeep,4.15.0,,,,,edition-esnext/index.js,74,getsetdeep.test.js,False,False,True,False
prototype-pollution/grunt-util-property_0.0.2,prototype-pollution,CWE-1321,grunt-util-property,0.0.2,CVE-2020-7641,,,,main.js,41,grunt-util-property.test.js,True,False,True,False
prototype-pollution/hoek_5.0.0,prototype-pollution,CWE-1321,hoek,5.0.0,CVE-2018-3728,5.0.3,hapijs/hoek,32ed5c9413321fbc37da5ca81a7cbab693786dee,lib/index.js,137,hoek.test.js,True,True,True,True
prototype-pollution/i18next_19.7.0,prototype-pollution,CWE-1321,i18next,19.7.0,,19.8.5,i18next/i18next,932f5f662893376254d826e9b01dc4e4c0cd91c0,build/utils.js,391,i18next.test.js,False,True,True,False
prototype-pollution/ianwalter-merge_9.0.1,prototype-pollution,CWE-1321,@ianwalter/merge,9.0.1,CVE-2021-23397,,,,,,@ianwalter-merge.test.js,True,False,False,False
prototype-pollution/immer_8.0.0,prototype-pollution,CWE-1321,immer,8.0.0,CVE-2021-23436,9.0.6,immerjs/immer,fa671e55ee9bd42ae08cc239102b665a23958237,src/plugins/patches.ts,245,immer.test.js,True,True,True,True
prototype-pollution/ini-parser_0.0.2,prototype-pollution,CWE-1321,ini-parser,0.0.2,CVE-2020-7617,,,,index.js,14,ini-parser.test.js,True,False,True,False
prototype-pollution/ini_1.3.5,prototype-pollution,CWE-1321,ini,1.3.5,CVE-2020-7788,,,,ini.js,109,ini.test.js,True,False,True,False
prototype-pollution/iniparserjs_1.0.4,prototype-pollution,CWE-1321,iniparserjs,1.0.4,CVE-2021-23328,,,,ini_parser.js,63,iniparserjs.test.js,True,False,True,False
prototype-pollution/inireader_1.0.0,prototype-pollution,CWE-1321,inireader,1.0.0,,2.0.0,Ajnasz/IniReader,c260e4e9050c731dbdb88e1d2e23e851528d3d93,lib/inireadercore.js,310,inireader.test.js,False,True,True,False
prototype-pollution/ion-parser_0.5.2,prototype-pollution,CWE-1321,ion-parser,0.5.2,CVE-2020-28462,,,,parser.js,359,ion-parser.test.js,True,False,True,False
prototype-pollution/jointjs_2.2.1,prototype-pollution,CWE-1321,jointjs,2.2.1,CVE-2021-23444,3.4.2,clientIO/joint,e5bf89efef6d5ea572d66870ffd86560de7830a8,dist/joint.min.js,49,jointjs.test.js,True,True,True,True
prototype-pollution/jointjs_3.4.0,prototype-pollution,CWE-1321,jointjs,3.4.0,CVE-2021-23444,3.4.2,clientIO/joint,e5bf89efef6d5ea572d66870ffd86560de7830a8,dist/joint.min.js,8,jointjs.test.js,True,True,True,True
prototype-pollution/jquery_1.11.0,prototype-pollution,CWE-1321,jquery,1.11.0,CVE-2019-11358,3.4.0,jquery/jquery,753d591aea698e57d6db58c9f722cd0808619b1b,dist/jquery.js,230,jquery.test.js,True,True,True,True
prototype-pollution/js-data_3.0.9,prototype-pollution,CWE-1321,js-data,3.0.9,CVE-2021-23574,,js-data/js-data,44d69656ce22a0a0300f1e94eb6dcfefd9dcffa4,src/utils.js,487,js-data.test.js,True,True,True,True
prototype-pollution/js-extend_0.0.1,prototype-pollution,CWE-1321,js-extend,0.0.1,CVE-2021-25945,,,,extend.js,17,js-extend.test.js,True,False,True,False
prototype-pollution/js-ini_1.2.0,prototype-pollution,CWE-1321,js-ini,1.2.0,CVE-2020-28461,1.3.0,Sdju/js-ini,fa17efb7e3a7c9464508a254838d4c231784931e,src/parse.ts,68,js-ini.test.js,True,True,True,True
prototype-pollution/json-pointer_0.6.0,prototype-pollution,CWE-1321,json-pointer,0.6.0,CVE-2021-23820,,,,index.js,91,json-pointer.test.js,True,False,True,False
prototype-pollution/json-pointer_0.6.1,prototype-pollution,CWE-1321,json-pointer,0.6.1,CVE-2021-23820,,,,index.js,98,json-pointer.test.js,True,False,True,False
prototype-pollution/json-ptr_1.1.0,prototype-pollution,CWE-1321,json-ptr,1.1.0,CVE-2021-23509,3.0.0,flitbit/json-ptr,5dc458fbad1c382a2e3ca6d62e66ede3d92849ca,index.js,277,json-ptr.test.js,True,True,True,True
prototype-pollution/json-schema_0.3.0,prototype-pollution,CWE-1321,json-schema,0.3.0,CVE-2021-3918,0.4.0,kriszyp/json-schema,22f146111f541d9737e832823699ad3528ca7741,lib/validate.js,217,json-schema.test.js,True,True,True,True
prototype-pollution/json8-merge-patch_1.0.1,prototype-pollution,CWE-1321,json8-merge-patch,1.0.1,CVE-2020-8268,1.0.3,,,lib/apply.js,25,json8-merge-patch.test.js,True,True,True,True
prototype-pollution/jsonpointer_4.0.0,prototype-pollution,CWE-1321,jsonpointer,4.0.0,CVE-2021-23807,5.0.0,janl/node-jsonpointer,a0345f3550cd9c4d89f33b126390202b89510ad4,jsonpointer.js,43,jsonpointer.test.js,True,True,True,True
prototype-pollution/just-extend_3.0.0,prototype-pollution,CWE-1321,just-extend,3.0.0,CVE-2018-16489,,,,index.js,52,just-extend.test.js,True,False,True,False
prototype-pollution/just-safe-set_1.0.0,prototype-pollution,CWE-1321,just-safe-set,1.0.0,CVE-2021-25952,2.2.2,angus-c/just,dd57a476f4bb9d78c6f60741898dc04c71d2eb53,index.js,36,just-safe-set.test.js,True,True,True,True
prototype-pollution/keyd_1.3.4,prototype-pollution,CWE-1321,keyd,1.3.4,,1.4.3,,,index.js,76,keyd.test.js,False,True,True,False
prototype-pollution/keyget_2.2.0,prototype-pollution,CWE-1321,keyget,2.2.0,CVE-2020-28272,2.3.0,rumkin/keyget,17d15b6c75036eb429075a8cfeccfc18094dd2e2,index.js,111,keyget.test.js,True,True,True,True
prototype-pollution/libnested_1.5.0,prototype-pollution,CWE-1321,libnested,1.5.0,CVE-2020-28283,1.5.1,dominictarr/libnested,9619863a319ed1e5c19ddcbdbe3312f9cef72760,index.js,27,libnested.test.js,True,True,True,True
prototype-pollution/linux-cmdline_1.0.0,prototype-pollution,CWE-1321,linux-cmdline,1.0.0,CVE-2020-7704,1.0.1,piranna/linux-cmdline,53c61a88bc47eb25d71832205056beaab95cf677,index.js,48,linux-cmdline.test.js,True,True,True,True
prototype-pollution/locutus_2.0.11,prototype-pollution,CWE-1321,locutus,2.0.11,CVE-2020-7719,2.0.12,,,,,locutus.test.js,True,True,False,False
prototype-pollution/lodash_4.17.10,prototype-pollution,CWE-1321,lodash,4.17.10,CVE-2019-10744,4.17.12,sailshq/lodash,c3fd203b3be87a8177f7f00824033c95f981f984,lodash.js,2573,lodash.test.js,True,True,True,True
prototype-pollution/lodash_4.17.11,prototype-pollution,CWE-1321,lodash,4.17.11,CVE-2020-8203,4.17.16,,,lodash.js,2559,lodash.test.js,True,True,True,True
prototype-pollution/lodash_4.17.15,prototype-pollution,CWE-1321,lodash,4.17.15,CVE-2018-3721,4.17.5,lodash/lodash,d8e069cc3410082e44eb18fcf8e7f3d08ebe1d4a,lodash.js,2559,lodash.test.js,True,True,True,True
prototype-pollution/lodash_4.17.9,prototype-pollution,CWE-1321,lodash,4.17.9,CVE-2018-16487,4.17.11,lodash/lodash,90e6199a161b6445b01454517b40ef65ebecd2ad,lodash.js,2573,lodash.test.js,True,True,True,True
prototype-pollution/lutils-merge_0.2.6,prototype-pollution,CWE-1321,lutils-merge,0.2.6,,,,,merge.js,156,lutils-merge.test.js,False,False,True,False
prototype-pollution/lutils_2.4.0,prototype-pollution,CWE-1321,lutils,2.4.0,CVE-2021-23396,,,,merge/merge.ts,114,lutils.test.js,True,False,True,False
prototype-pollution/lyngs-digger_1.0.7,prototype-pollution,CWE-1321,@lyngs/digger,1.0.7,,,,,digger/dist/index.js,2120,lyngs-digger.test.js,False,False,True,False
prototype-pollution/lyngs-merge_1.0.9,prototype-pollution,CWE-1321,@lyngs/merge,1.0.9,,,,,merge/dist/index.js,2684,lyngs-merge.test.js,False,False,True,False
prototype-pollution/madlib-object-utils_0.1.6,prototype-pollution,CWE-1321,madlib-object-utils,0.1.6,CVE-2020-7701,0.1.7,,,lib/utils.js,56,madlib-object-utils.test.js,True,True,True,True
prototype-pollution/mathjs_7.4.0,prototype-pollution,CWE-1321,mathjs,7.4.0,CVE-2020-7743,7.5.1,josdejong/mathjs,ecb80514e80bce4e6ec7e71db8ff79954f07c57e,lib/utils/object.js,131,mathjs.test.js,True,True,True,True
prototype-pollution/merge-change_1.0.1,prototype-pollution,CWE-1321,merge-change,1.0.1,CVE-2021-23421,,,,utils.js,63,merge-change.test.js,True,False,True,False
prototype-pollution/merge-deep2_3.0.5,prototype-pollution,CWE-1321,merge-deep2,3.0.5,CVE-2021-23700,,,,index.js,45,merge-deep2.test.js,True,False,True,False
prototype-pollution/merge-deep_3.0.0,prototype-pollution,CWE-1321,merge-deep,3.0.0,CVE-2021-26707,3.0.3,jonschlinkert/merge-deep,e370968581413a2e5ffdbbf7c2f5094e0e0b3861,index.js,45,merge-deep.test.js,True,True,True,True
prototype-pollution/merge-objects_1.0.3,prototype-pollution,CWE-1321,merge-objects,1.0.3,CVE-2018-3753,,,,merge-objects.js,20,merge-objects.test.js,True,False,True,False
prototype-pollution/merge-options_1.0.0,prototype-pollution,CWE-1321,merge-options,1.0.0,CVE-2018-3752,1.0.1,schnittstabil/merge-options,d4a93bc2890455e0931ac0779667023e6cb101d4,index.js,73,merge-options.test.js,True,True,True,True
prototype-pollution/merge-recursive_0.0.3,prototype-pollution,CWE-1321,merge-recursive,0.0.3,CVE-2018-3751,,,,lib/index.js,66,merge-recursive.test.js,True,False,True,False
prototype-pollution/merge_2.1.0,prototype-pollution,CWE-1321,merge,2.1.0,CVE-2020-28499,,,,lib/src/index.js,59,merge.test.js,True,False,True,False
prototype-pollution/mergify_1.0.2,prototype-pollution,CWE-1321,mergify,1.0.2,,,,,index.js,15,mergify.test.js,False,False,True,False
prototype-pollution/minimist_1.0.0,prototype-pollution,CWE-1321,minimist,1.0.0,CVE-2020-7598,0.2.1,,,index.js,189,minimist.test.js,True,True,True,True
prototype-pollution/mithril_1.0.0,prototype-pollution,CWE-1321,mithril,1.0.0,,1.1.7,MithrilJS/mithril.js,97fa1788c2184ff4b87fd3f558b7003f9eeee2b1,mithril.js,982,mithril.test.js,False,True,True,False
prototype-pollution/mixin-deep_1.3.0,prototype-pollution,CWE-1321,mixin-deep,1.3.0,CVE-2018-3719,1.3.1,jonschlinkert/mixin-deep,578b0bc5e74e14de9ef4975f504dc698796bdf9c,index.js,30,mixin-deep.test.js,True,True,True,True
prototype-pollution/mixin-deep_2.0.0,prototype-pollution,CWE-1321,mixin-deep,2.0.0,CVE-2019-10746,2.0.1,jonschlinkert/mixin-deep,8f464c8ce9761a8c9c2b3457eaeee9d404fa7af9,index.js,21,mixin-deep.test.js,True,True,True,True
prototype-pollution/mootools_1.5.2,prototype-pollution,CWE-1321,mootools,1.5.2,CVE-2021-23432,,,,lib/mootools-core-1.5.2-server.js,355,mootools.test.js,True,False,True,False
prototype-pollution/mout_1.0.0,prototype-pollution,CWE-1321,mout,1.0.0,CVE-2020-7792,1.2.3,,,object/set.js,9,mout.test.js,True,True,True,True
prototype-pollution/mpath_0.4.1,prototype-pollution,CWE-1321,mpath,0.4.1,CVE-2021-23438,0.8.4,aheckmann/mpath,89402d2880d4ea3518480a8c9847c541f2d824fc,lib/index.js,269,mpath.test.js,True,True,True,True
prototype-pollution/mquery_3.2.1,prototype-pollution,CWE-1321,mquery,3.2.1,,3.2.5,aheckmann/mquery,158f059e058579d2d08c2f1380689f5f69336778,lib/utils.js,137,mquery.test.js,False,True,True,False
prototype-pollution/multi-ini_2.1.0,prototype-pollution,CWE-1321,multi-ini,2.1.0,CVE-2020-28448,2.1.1,,,lib/parser.js,193,multi-ini.test.js,True,True,True,True
prototype-pollution/nconf-toml_0.0.1,prototype-pollution,CWE-1321,nconf-toml,0.0.1,CVE-2021-25946,,,,lib/compiler.js,55,nconf-toml.test.js,True,False,True,False
prototype-pollution/nedb_1.8.0,prototype-pollution,CWE-1321,nedb,1.8.0,CVE-2021-23395,,,,lib/model.js,304,nedb.test.js,True,False,True,False
prototype-pollution/nested-object-assign_1.0.3,prototype-pollution,CWE-1321,nested-object-assign,1.0.3,CVE-2021-23329,1.0.4,,,lib/nestedObjectAssign.js,1,nested-object-assign.test.js,True,True,True,True
prototype-pollution/nested-property_0.0.5,prototype-pollution,CWE-1321,nested-property,0.0.5,,3.0.0,cosmosio/nested-property,881cf37eb956641fc26011ff66a436eb603c89d1,index.js,95,nested-property.test.js,False,True,True,False
prototype-pollution/nestie_1.0.0,prototype-pollution,CWE-1321,nestie,1.0.0,,1.0.2,lukeed/nestie,c571c77928ecd7f256a935c7c3860f33dac4653f,dist/index.js,29,nestie.test.js,False,True,True,False
prototype-pollution/nis-utils_0.6.10,prototype-pollution,CWE-1321,nis-utils,0.6.10,CVE-2020-7703,,,,lib/object.js,166,nis-utils.test.js,True,False,True,False
prototype-pollution/node-dig_1.0.1,prototype-pollution,CWE-1321,node-dig,1.0.1,,,,,lib/dig/index.js,4,node-dig.test.js,False,False,True,False
prototype-pollution/node-extend_1.0.0,prototype-pollution,CWE-1321,node.extend,1.0.0,CVE-2018-16491,2.0.1,,,lib/extend.js,86,node-extend.test.js,True,True,True,True
prototype-pollution/node-forge_0.9.0,prototype-pollution,CWE-1321,node-forge,0.9.0,CVE-2020-7720,0.10.0,digitalbazaar/forge,51228083550dde97701ac8e06c629a5184117562,lib/util.js,2536,node-forge.test.js,True,True,True,True
prototype-pollution/node-ini_1.0.0,prototype-pollution,CWE-1321,node-ini,1.0.0,,,,,node-ini.js,25,node-ini.test.js,False,False,True,False
prototype-pollution/node-oojs_1.4.0,prototype-pollution,CWE-1321,node-oojs,1.4.0,CVE-2020-7721,,,,bin/format/oojs.js,65,node-oojs.test.js,True,False,True,False
prototype-pollution/nodee-utils_1.2.2,prototype-pollution,CWE-1321,nodee-utils,1.2.2,CVE-2020-7722,1.2.3,nodee-apps/utils,52460d936c52f03c9907bc99ac5e890970cef83c,lib/object.js,210,nodee-utils.test.js,True,True,True,True
prototype-pollution/object-collider_1.0.3,prototype-pollution,CWE-1321,object-collider,1.0.3,CVE-2021-25914,1.0.4,FireBlinkLTD/object-collider,321f75a7f8e7b3393e5b7dd6dd9ab26ede5906e5,src/utils/CollideUtil.ts,83,object-collider.test.js,True,True,True,True
prototype-pollution/object-path-set_1.0.0,prototype-pollution,CWE-1321,object-path-set,1.0.0,CVE-2020-15256,1.0.1,skratchdot/object-path-set,55f06d75abf5885f9cba3b7760acb38d7d7d06c0,index.js,19,object-path-set.test.js,True,True,True,True
prototype-pollution/object-path_0.11.0,prototype-pollution,CWE-1321,object-path,0.11.4,CVE-2020-15256,0.11.5,skratchdot/object-path-set,55f06d75abf5885f9cba3b7760acb38d7d7d06c0,index.js,19,object-path.test.js,True,True,True,True
prototype-pollution/object-path_0.11.4,prototype-pollution,CWE-1321,object-path,0.11.4,CVE-2021-23434,0.11.6,mariocasciaro/object-path,7bdf4abefd102d16c163d633e8994ef154cab9eb,index.js,110,object-path.test.js,True,True,True,True
prototype-pollution/objection_2.0.0,prototype-pollution,CWE-1321,objection,2.0.0,CVE-2021-3766,3.0.0-alpha.5,vincit/objection.js,b41aab8dcd78f426f7468dcda541a7aca18a66a6,lib/utils/objectUtils.js,246,objection.test.js,True,True,True,True
prototype-pollution/objnest_5.0.0,prototype-pollution,CWE-1321,objnest,5.0.0,,5.1.0,okunishinishi/node-objnest,c541e1a775b562d63402a14dac9f8cbc52b116d7,lib/objnest.js,44,objnest.test.js,False,True,True,False
prototype-pollution/objtools_3.0.0,prototype-pollution,CWE-1321,objtools,3.0.0,,,,,lib/index.js,440,objtools.test.js,False,False,True,False
prototype-pollution/objutil_2.17.3,prototype-pollution,CWE-1321,objutil,2.17.3,,,,,dist/objutil.cjs.js,192,objutil.test.js,False,False,True,False
prototype-pollution/patchmerge_1.0.0,prototype-pollution,CWE-1321,patchmerge,1.0.0,CVE-2021-25916,1.0.2,pjshumphreys/patchmerge,5b383c537eae7a00ebd26d3f7211dac99ddecb12,index.js,93,patchmerge.test.js,True,True,True,True
prototype-pollution/patchmerge_1.0.1,prototype-pollution,CWE-1321,patchmerge,1.0.1,CVE-2021-25916,1.0.2,pjshumphreys/patchmerge,5b383c537eae7a00ebd26d3f7211dac99ddecb12,index.js,93,patchmerge.test.js,True,True,True,True
prototype-pollution/pathval_1.1.0,prototype-pollution,CWE-1321,pathval,1.1.0,CVE-2020-7751,1.1.1,chaijs/pathval,7859e0e1ce4c2c67de897edce097ed31f80661d0,index.js,158,pathval.test.js,True,True,True,True
prototype-pollution/paypal-adaptive_0.4.1,prototype-pollution,CWE-1321,paypal-adaptive,0.4.1,CVE-2020-7643,,,,lib/paypal-adaptive.js,31,paypal-adaptive.test.js,True,False,True,False
prototype-pollution/phpjs_1.3.2,prototype-pollution,CWE-1321,phpjs,1.3.2,CVE-2020-7700,,,,build/npm.js,6406,phpjs.test.js,True,False,True,False
prototype-pollution/plain-object-merge_1.0.1,prototype-pollution,CWE-1321,plain-object-merge,1.0.1,,1.0.2,fabiospampinato/plain-object-merge,e2b59efa2216957815643c48797e2e2eae8ca2b2,dist/index.js,18,plain-object-merge.test.js,False,True,True,False
prototype-pollution/predefine_0.1.2,prototype-pollution,CWE-1321,predefine,0.1.2,CVE-2020-28280,,,,index.js,284,predefine.test.js,True,False,True,False
prototype-pollution/promisehelpers_0.0.5,prototype-pollution,CWE-1321,promisehelpers,0.0.5,CVE-2020-7723,,,,src/index.js,16,promisehelpers.test.js,True,False,True,False
prototype-pollution/properties-reader_2.0.0,prototype-pollution,CWE-1321,properties-reader,2.0.0,CVE-2020-28471,2.2.0,steveukx/properties,0877cc871db9865f58dd9389ce99e61be05380a5,src/properties-reader.js,200,properties-reader.test.js,True,True,True,True
prototype-pollution/property-expr_2.0.2,prototype-pollution,CWE-1321,property-expr,2.0.2,CVE-2020-7707,2.0.3,jquense/expr,df846910915d59f711ce63c1f817815bceab5ff7,index.js,55,property-expr.test.js,True,True,True,True
prototype-pollution/Proto_1.1.4,prototype-pollution,CWE-1321,Proto,1.1.4,CVE-2021-23426,,,,,,Proto.test.js,True,False,False,False
prototype-pollution/prototyped.js_2.0.0,prototype-pollution,CWE-1321,prototyped.js,2.0.0,,2.0.1,ardalanamini/prototyped.js,3ab56e78250d3d5b44ac03938d3d04591b206730,lib/index.js,66,prototyped.test.js,False,True,True,False
prototype-pollution/putil-merge_3.0.0,prototype-pollution,CWE-1321,putil-merge,3.0.0,CVE-2021-25953,3.7.0,panates/putil-merge,a8f5087faaa034cc2dc2e8070c13014ad6a34043,lib/merge.js,72,putil-merge.test.js,True,True,True,True
prototype-pollution/querymen_2.1.3,prototype-pollution,CWE-1321,querymen,2.1.3,CVE-2020-7600,2.1.4,diegohaz/querymen,1987fefcb3b7508253a29502a008d5063a873cef,dist/index.js,46,querymen.test.js,True,True,True,True
prototype-pollution/rdf-graph-array_0.3.0,prototype-pollution,CWE-1321,rdf-graph-array,0.3.0,CVE-2019-10798,,,,index.js,208,rdf-graph-array.test.js,True,False,True,False
prototype-pollution/record-like-deep-assign_1.0.1,prototype-pollution,CWE-1321,record-like-deep-assign,1.0.1,CVE-2021-23402,,,,src/mod.ts,34,record-like-deep-assign.test.js,True,False,True,False
prototype-pollution/rfc6902_4.0.2,prototype-pollution,CWE-1321,rfc6902,4.0.2,,5.0.0,,,patch.js,57,rfc6902.test.js,False,True,True,False
prototype-pollution/safe-flat_2.0.0,prototype-pollution,CWE-1321,safe-flat,2.0.0,CVE-2021-25927,2.0.2,jessie-codes/safe-flat,4b9b7db976bba8c968354f4315f5f9c219b7cbf3,src/index.js,48,safe-flat.test.js,True,True,True,True
prototype-pollution/safe-obj_1.0.0,prototype-pollution,CWE-1321,safe-obj,1.0.0,CVE-2021-25928,,,,lib/index.js,122,safe-obj.test.js,True,False,True,False
prototype-pollution/safe-object2_1.0.3,prototype-pollution,CWE-1321,safe-object2,1.0.3,CVE-2020-7726,,,,lib/index.js,1,safe-object2.test.js,True,False,True,False
prototype-pollution/safetydance_2.0.1,prototype-pollution,CWE-1321,safetydance,2.0.1,CVE-2020-7737,,,,index.js,215,safetydance.test.js,True,False,True,False
prototype-pollution/sahmat_1.0.0,prototype-pollution,CWE-1321,sahmat,1.0.0,,,,,build/utils.js,391,sahmat.test.js,False,False,True,False
prototype-pollution/sds_3.2.0,prototype-pollution,CWE-1321,sds,3.2.0,CVE-2020-7618,4.0.0,monsterkodi/sds,a228f025fd1be033088b7abbc0f77118d573f216,js,34,sds.test.js,True,True,True,True
prototype-pollution/set-deep-prop_1.0.0,prototype-pollution,CWE-1321,set-deep-prop,1.0.0,CVE-2021-23373,,,,set-deep-prop.js,20,set-deep-prop.test.js,True,False,True,False
prototype-pollution/set-getter_0.1.0,prototype-pollution,CWE-1321,set-getter,0.1.0,CVE-2021-25949,0.1.1,doowb/set-getter,66eb3f0d4686a4a8c7c3d6f7ecd8e570b580edc4,,,set-getter.test.js,True,True,False,False
prototype-pollution/set-in_1.0.0,prototype-pollution,CWE-1321,set-in,1.0.0,CVE-2020-28273,2.0.1,ahdinosaur/set-in,e431effa00195a6f06b111e09733cd1445a91a88,index.js,41,set-in.test.js,True,True,True,True
prototype-pollution/set-object-value_0.0.5,prototype-pollution,CWE-1321,set-object-value,0.0.5,CVE-2020-28281,0.0.6,react-atomic/react-atomic-organism,c8ec63388f7785078cb27275b56ed955ffd3db6c,build/cjs/src/index.js,24,set-object-value.test.js,True,True,True,True
prototype-pollution/set-or-get_1.2.10,prototype-pollution,CWE-1321,set-or-get,1.2.10,CVE-2021-25913,1.2.11,IonicaBizau/set-or-get.js,82ede5cccb2e8d13e4f62599203a4389f6d8e936,build/utils.js,391,set-or-get.test.js,True,True,True,True
prototype-pollution/set-value_3.0.0,prototype-pollution,CWE-1321,set-value,3.0.0,CVE-2021-23440,4.0.1,jonschlinkert/set-value,7cf8073bb06bf0c15e08475f9f952823b4576452,index.js,41,set-value.test.js,True,True,True,True
prototype-pollution/shvl_2.0.1,prototype-pollution,CWE-1321,shvl,2.0.1,,2.0.3,robinvdvleuten/shvl,4ed0edfa70f7778556f7b7e9ef1ee5d6d002fce2,index.js,10,shvl.test.js,False,True,True,False
prototype-pollution/simpl-schema_1.10.0,prototype-pollution,CWE-1321,simpl-schema,1.10.0,CVE-2020-7742,1.10.2,,,dist/utility/merge.js,31,simpl-schema.test.js,True,True,True,True
prototype-pollution/smart-extend_1.7.3,prototype-pollution,CWE-1321,smart-extend,1.7.3,,,,,dist/smart-extend.js,1,smart-extend.test.js,False,False,True,False
prototype-pollution/strikeentco-set_1.0.0,prototype-pollution,CWE-1321,@strikeentco/set,1.0.0,CVE-2020-28267,1.0.1,strikeentco/set,102cc6b2e1d1e0c928ced87e75df759d5541ff60,set/main.js,11,strikeentco.test.js,True,True,True,True
prototype-pollution/style-dictionary_2.10.2,prototype-pollution,CWE-1321,style-dictionary,2.10.2,,2.10.3,,,lib/utils/deepExtend.js,76,style-dictionary.test.js,False,True,True,False
prototype-pollution/supermixer_1.0.3,prototype-pollution,CWE-1321,supermixer,1.0.3,CVE-2020-24939,1.0.5,stampit-org/supermixer,94dcc6fc45e0fed96187cb52aaffadf76dbbc0a3,dist/mixer.js,86,supermixer.test.js,True,True,True,True
prototype-pollution/swiper_6.5.0,prototype-pollution,CWE-1321,swiper,6.5.0,CVE-2021-23370,6.5.1,nolimits4web/swiper,9dad2739b7474f383474773d5ab898a0c29ac178,cjs/utils/utils.js,110,swiper.test.js,True,True,True,True
prototype-pollution/Templ8_0.7.0,prototype-pollution,CWE-1321,Templ8,0.7.0,CVE-2020-7702,,,,,,Templ8.test.js,True,False,False,False
prototype-pollution/think-config_1.0.0,prototype-pollution,CWE-1321,think-config,1.0.0,,1.1.3,thinkjs/think-config,31b82468d72f2e1456a27a4827cea378196db6db,index.js,50,poc.test.js,False,True,True,False
prototype-pollution/think-helper_1.1.0,prototype-pollution,CWE-1321,think-helper,1.1.0,CVE-2021-32736,1.1.7,,,index.js,122,think-helper.test.js,True,True,True,True
prototype-pollution/tiny-conf_1.1.0,prototype-pollution,CWE-1321,tiny-conf,1.1.0,CVE-2020-7724,,,,tiny-conf.js,73,tiny-conf.test.js,True,False,True,False
prototype-pollution/total.js_3.4.6,prototype-pollution,CWE-1321,total.js,3.4.6,CVE-2020-28495,3.4.7,totaljs/framework,b3f901561d66ab799a4a99279893b94cad7ae4ff,,,total-js.test.js,True,True,False,False
prototype-pollution/tree-kit_0.6.1,prototype-pollution,CWE-1321,tree-kit,0.6.1,CVE-2021-4278,0.7.0,cronvel/tree-kit,c90d45f4f0e1266867be136670eddeb99b2a32a5,,,tree-kit.test.js,True,True,False,False
prototype-pollution/ts-dot-prop_1.4.0,prototype-pollution,CWE-1321,ts-dot-prop,1.4.0,,1.4.1,justinlettau/ts-dot-prop,816b887a669ab959c3c2f85c6563d33928f00f14,src/index.ts,72,ts-dot-prop.test.js,False,True,True,False
prototype-pollution/tsed-core_5.62.3,prototype-pollution,CWE-1321,@tsed/core,5.62.3,CVE-2020-7748,5.65.7,TypedProject/tsed,1395773ddac35926cf058fc6da9fb8e82266761b,core/src/utils/deepExtends.ts,36,tsed-core.test.js,True,True,True,True
prototype-pollution/typeorm_0.2.24,prototype-pollution,CWE-1321,typeorm,0.2.24,CVE-2020-8158,0.2.25,,,build/utils.js,391,TypeORM.test.js,True,True,True,True
prototype-pollution/uifabric-utilities_7.20.2,prototype-pollution,CWE-1321,@uifabric/utilities,7.20.2,,7.20.3,,,utilities/src/merge.ts,33,uifabric-utilities.test.js,False,True,True,False
prototype-pollution/undefsafe_2.0.2,prototype-pollution,CWE-1321,undefsafe,2.0.2,CVE-2019-10795,2.0.3,remy/undefsafe,f272681b3a50e2c4cbb6a8533795e1453382c822,lib/undefsafe.js,106,undefsafe.test.js,True,True,True,True
prototype-pollution/upmerge_0.1.7,prototype-pollution,CWE-1321,upmerge,0.1.7,,0.1.8,,,build/upmerge.js,1,upmerge.test.js,False,True,True,False
prototype-pollution/utilitify_1.0.2,prototype-pollution,CWE-1321,utilitify,1.0.2,CVE-2019-10808,1.0.3,xcritical-software/utilitify,88d6e27009823338bf319ffb768fe6b08e8ad2d1,utils/utils/mergeDeep.ts,17,utilitify.test.js,True,True,True,True
prototype-pollution/utils-extend_1.0.8,prototype-pollution,CWE-1321,utils-extend,1.0.8,CVE-2020-8147,,,,index.js,46,utils-extend.test.js,True,False,True,False
prototype-pollution/vega-util_1.13.0,prototype-pollution,CWE-1321,vega-util,1.13.0,CVE-2019-10806,1.13.1,,,build/vega-util.js,203,vega-util.test.js,True,True,True,True
prototype-pollution/viking04-merge_1.0.0,prototype-pollution,CWE-1321,@viking04/merge,1.0.0,CVE-2021-3645,1.0.2,viking04/merge,baba40332080b38b33840d2614df6d4142dedaf6,merge/index.js,9,@viking04-merge.test.js,True,True,True,True
prototype-pollution/worksmith_1.0.0,prototype-pollution,CWE-1321,worksmith,1.0.0,CVE-2020-7725,,,,index.js,300,worksmith.test.js,True,False,True,False
prototype-pollution/x-assign_0.1.4,prototype-pollution,CWE-1321,x-assign,0.1.4,CVE-2021-23452,,,,index.js,34,x-assign.test.js,True,False,True,False
prototype-pollution/y18n_3.2.1,prototype-pollution,CWE-1321,y18n,3.2.1,CVE-2020-7774,5.0.5,,,index.js,156,y18n.test.js,True,True,True,True
prototype-pollution/yargs-parser_6.0.0,prototype-pollution,CWE-1321,yargs-parser,6.0.0,CVE-2020-7608,18.1.1,,,index.js,587,yargs-parser.test.js,True,True,True,True
redos/ajv_5.2.2,redos,CWE-1333,ajv,5.2.2,CVE-2020-15366,6.12.3,,,util.js,143,ajv.test.js,True,True,True,True
redos/amqp-match_0.0.0,redos,CWE-1333,amqp-match,0.0.0,,,,,index.js,4,amqp-match.test.js,False,False,True,False
redos/ansi-html_0.0.7,redos,CWE-1333,ansi-html,0.0.7,CVE-2021-23424,,,,index.js,62,ansi-html.test.js,True,False,True,False
redos/ansi-regex_4.1.0,redos,CWE-1333,ansi-regex,4.1.0,CVE-2021-3807,2.1.1 <3.0.1 >=4.0.0 <4.1.1 >=5.0.0 <5.0.1 >=6.0.0 <6.0.1,chalk/ansi-regex,419250fa510bf31b4cc672e76537a64f9332e1f1,,,ansi-regex.test.js,True,True,False,False
redos/axios_0.21.0,redos,CWE-1333,axios,0.21.0,CVE-2021-3749,0.21.3,axios/axios,5b457116e31db0e88fede6c428e969e87f290929,utils.js,190,axios.test.js,True,True,True,True
redos/brace-expansion_1.1.6,redos,CWE-1333,brace-expansion,1.1.6,CVE-2017-18077,1.1.7,juliangruber/brace-expansion,b13381281cead487cbdbfd6a69fb097ea5e456c3,index.js,109,brace-expansion.test.js,True,True,True,True
redos/browserslist_4.16.4,redos,CWE-1333,browserslist,4.16.4,CVE-2021-23364,4.16.5,browserslist/browserslist,c091916910dfe0b5fd61caad96083c6709b02d98,index.js,333,browserlist.test.js,True,True,True,True
redos/cejs_2.0.20170212,redos,CWE-1333,cejs,2.0.20170212,,2.0.20180219,kanasimi/CeJS,c6a9ffec1152781f268b8d72d80ee4d8fc837986,,,cejs.test.js,False,True,False,False
redos/charset_1.0.0,redos,CWE-1333,charset,1.0.0,CVE-2017-16098,1.0.1,,,charset.js,59,charset.test.js,True,True,True,True
redos/checkit_0.7.0,redos,CWE-1333,checkit,0.7.0,,,,,,,checkit.test.js,False,False,False,False
redos/chrono-node_2.2.3,redos,CWE-1333,chrono-node,2.2.3,CVE-2021-23371,2.2.4,wanasit/chrono,98815b57622443b5c498a427210ebd603d705f4c,chrono.js,42,chrono-node.test.js,True,True,True,True
redos/clean-css_4.1.10,redos,CWE-1333,clean-css,4.1.10,,4.1.11,jakubpawlowicz/clean-css,2929bafbf8cdf7dccb24e0949c70833764fa87e3,validator.js,418,clean-css.test.js,False,True,True,False
redos/codemirror_5.58.0,redos,CWE-1333,codemirror,5.58.0,CVE-2020-7760,5.58.2,codemirror/CodeMirror,55d0333907117c9231ffdf555ae8824705993bbb,jasmineAsyncInstall.js,106,codemirror.test.js,True,True,True,True
redos/color-string_1.5.4,redos,CWE-1333,color-string,1.5.4,CVE-2021-29060,1.5.5,Qix-/color-string,0789e21284c33d89ebc4ab4ca6f759b9375ac9d3,index.js,154,color-string.test.js,True,True,True,True
redos/colors-cli_1.0.25,redos,CWE-1333,colors-cli,1.0.25,,1.0.28,jaywcjlove/colors-cli,78ee15ba9111ddee1cc0640ccd79369525bd57b8,color-safe.js,60,colors-cli.test.js,False,True,True,False
redos/content-type-parser_1.0.1,redos,CWE-1333,content-type-parser,1.0.1,,,jsdom/whatwg-mimetype,26c539a699778f8743b8319c298b5fb28a4328d0,content-type-parser.js,61,content-type-parser.test.js,False,True,True,False
redos/content_3.0.5,redos,CWE-1333,content,3.0.5,,4.0.4,hapijs/content,96beb34f7c38a08d024dbf9cd63865c56e2955d9,index.js,84,content.test.js,False,True,True,False
redos/conventional-commits-parser_3.2.0,redos,CWE-1333,conventional-commits-parser,3.2.0,,3.2.3,conventional-changelog/conventional-changelog,c696fa35f93e0ee13728d6cf1221587ac6386311,,,conventional-commits-parser.test.js,False,True,False,False
redos/d3-color_2.0.0,redos,CWE-1333,d3-color,2.0.0,,,d3/d3-color,4c2be7e59a317d0af7c3d66e44fa888f02163a59,d3-color.js,221,d3-color.test.js,False,True,True,False
redos/date-and-time_0.14.1,redos,CWE-1333,date-and-time,0.14.1,CVE-2020-26289,0.14.2,knowledgecode/date-and-time,9e4b501eacddccc8b1f559fb414f48472ee17c2a,date-and-time.js,141,date-and-time.test.js,True,True,True,True
redos/dirty-json_0.4.0,redos,CWE-1333,dirty-json,0.4.0,,0.5.2,RyanMarcus/dirty-json,0b9c15e26699538a11e08e0f168af558392dadbe,utils.js,391,dirty-json.test.js,False,True,True,False
redos/ducktype_1.2.0,redos,CWE-1333,ducktype,1.2.0,,1.2.1,josdejong/ducktype,d8b4c902598c9104d5c56225c3fffcbe1368eff6,ducktype.js,165,ducktype.test.js,False,True,True,False
redos/email-existence_0.1.5,redos,CWE-1333,email-existence,0.1.5,,0.1.6,nmanousos/email-existence,0029ba71b6ad0d8ec0baa2ecc6256d038bdd9b56,index.js,8,email-existence.test.js,False,True,True,False
redos/ethers_5.2.0,redos,CWE-1333,ethers,5.2.0,,5.4.7,ethers-io/ethers.js,32a6b2a362815eb85ce3f3abad5adf92f2b80e10,fixednumber.js,97,ethers.test.js,False,True,True,False
redos/express-validators_1.0.3,redos,CWE-1333,express-validators,1.0.3,CVE-2020-7767,,,,index.js,615,express-validators.test.js,True,False,True,False
redos/fast-csv_4.3.5,redos,CWE-1333,fast-csv,4.3.5,CVE-2020-26256,4.3.6,C2FO/fast-csv,4bbd39f26a8cd7382151ab4f5fb102234b2f829e,Parser.js,69,fast-csv.test.js,True,True,True,True
redos/forwarded_0.1.0,redos,CWE-1333,forwarded,0.1.0,CVE-2017-16118,0.1.2,jshttp/forwarded,d469116eda4931fbe1c0ccb29497b35930bfa328,index.js,27,forwarded.test.js,True,True,True,True
redos/fresh_0.5.0,redos,CWE-1333,fresh,0.5.0,CVE-2017-16119,0.5.2,jshttp/fresh,21a0f0c2a5f447e0d40bc16be0c23fa98a7b46ec,index.js,61,fresh.test.js,True,True,True,True
redos/github-url-to-object_4.0.2,redos,CWE-1333,github-url-to-object,4.0.2,,4.0.4,,,commonjs.js,19,github-url-to-object.test.js,False,True,True,False
redos/glob-parent_5.0.0,redos,CWE-1333,glob-parent,5.0.0,CVE-2021-35065,6.0.1,gulpjs/glob-parent,3e9f04a3b4349db7e1962d87c9a7398cda51f339,index.js,20,glob-parent.test.js,True,True,True,True
redos/highlight.js_10.4.0,redos,CWE-1333,highlight.js,10.4.0,,10.4.1,highlightjs/highlight.js,373b9d862401162e832ce77305e49b859e110f9c,core.js,858,highlight.test.js,False,True,True,False
redos/hosted-git-info_3.0.0,redos,CWE-1333,hosted-git-info,3.0.0,CVE-2021-23362,3.0.8,npm/hosted-git-info,bede0dc38e1785e732bf0a48ba6f81a4a908eba3,index.js,44,hosted-git-info.test.js,True,True,True,True
redos/html-dom-parser_0.1.2,redos,CWE-1333,html-dom-parser,0.1.2,,0.1.3,remarkablemark/html-dom-parser,b80d699bbbd45d254379e6916152c918998e3b10,,,html-dom-parser.test.js,False,True,False,False
redos/html-parse-stringify2_2.0.1,redos,CWE-1333,html-parse-stringify2,2.0.1,CVE-2021-23346,,HenrikJoreteg/html-parse-stringify,c7274a48e59c92b2b7e906fedf9065159e73fe12,parse.js,39,html-parse-stringify2.test.js,True,True,True,True
redos/html-parse-stringify_2.0.0,redos,CWE-1333,html-parse-stringify,2.0.0,CVE-2021-23346,2.0.1,HenrikJoreteg/html-parse-stringify,c7274a48e59c92b2b7e906fedf9065159e73fe12,html-parse-stringify.js,1,html-parser-stringfy.test.js,True,True,True,True
redos/htmlparser_1.7.7,redos,CWE-1333,htmlparser,1.7.7,,,,,htmlparser.js,226,htmlparser.test.js,False,False,True,False
redos/is-email_1.0.0,redos,CWE-1333,is-email,1.0.0,CVE-2021-36716,1.0.1,segmentio/is-email,060ecedf345729f11ad857ccaf7a915ff6797739,index.js,13,is-email.test.js,True,True,True,True
redos/is-my-json-valid_2.20.1,redos,CWE-1333,is-my-json-valid,2.20.1,,2.20.2,mafintosh/is-my-json-valid,c3fc04fc455d40e9b29537f8e2c73a28ce106edb,index.js,172,is-my-json-valid.test.js,False,True,True,False
redos/is-svg_4.2.2,redos,CWE-1333,is-svg,4.2.2,CVE-2021-23367,4.3.0,sindresorhus/is-svg,732fc72779840c45a30817d3fe28e12058592b02,index.js,21,is-svg.test.js,True,True,True,True
redos/is-url_1.2.2,redos,CWE-1333,is-url,1.2.2,,1.2.4,,,index.js,22,is-url.test.js,False,True,True,False
redos/jspdf_2.1.1,redos,CWE-1333,jspdf,2.1.1,CVE-2021-23353,2.3.1,MrRio/jsPDF,d8bb3b39efcd129994f7a3b01b632164144ec43e,jspdf.node.min.js,86,jspdf.test.js,True,True,True,True
redos/locutus_2.0.10,redos,CWE-1333,locutus,2.0.10,CVE-2021-23392,2.0.15,locutusjs/locutus,eb863321990e7e5514aa14f68b8d9978ece9e65e,inet_pton.js,30,locutus.test.js,True,True,True,True
redos/lodash_4.17.4,redos,CWE-1333,lodash,4.17.4,CVE-2020-28500,4.17.21,lodash/lodash,c4847ebe7d14540bb28a8b932a9ce1b9ecbfee1a,lodash.js,1172,lodash.test.js,True,True,True,True
redos/markdown-it_9.1.0,redos,CWE-1333,markdown-it,9.1.0,CVE-2022-21670,12.3.2,markdown-it/markdown-it,ffc49ab46b5b751cd2be0aabb146f2ef84986101,,,markdown-it.test.js,True,True,False,False
redos/markdown-to-jsx_5.4.2,redos,CWE-1333,markdown-to-jsx,5.4.2,,,,,,,markdown-to-jsx.test.js,False,False,False,False
redos/markdown_0.3.0,redos,CWE-1333,markdown,0.3.0,,,,,,,markdown-js.test.js,False,False,False,False
redos/marked_0.3.6,redos,CWE-1333,marked,0.3.6,CVE-2021-21306,2.0.0,markedjs/marked,7293251c438e3ee968970f7609f1a27f9007bccd,marked.js,662,marked.test.js,True,True,True,True
redos/method-override_2.0.0,redos,CWE-1333,method-override,2.0.0,CVE-2017-16136,2.3.10,expressjs/method-override,4c58835a61fdf7a8e070d6f8ecd5379a961d0987,index.js,113,method-override.test.js,True,True,True,True
redos/millisecond_0.1.1,redos,CWE-1333,millisecond,0.1.1,CVE-2015-8315,0.1.2,,,index.js,43,millisecond.test.js,True,True,True,True
redos/mime_1.4.0,redos,CWE-1333,mime,1.4.0,CVE-2017-16138,2.0.3,broofa/node-mime,1df903fdeb9ae7eaa048795b8d580ce2c98f40b0,mime.js,70,mime.test.js,True,True,True,True
redos/minimatch_3.0.0,redos,CWE-1333,minimatch,3.0.0,,3.0.2,isaacs/minimatch,6944abf9e0694bd22fd9dad293faa40c2bc8a955,minimatch.js,167,minimatch.test.js,False,True,True,False
redos/mobile-detect_1.3.6,redos,CWE-1333,mobile-detect,1.3.6,,1.4.0,hgoebl/mobile-detect.js,7222f6e75cf8cd90e1dc53e445716203eaf79d8a,mobile-detect.js,375,mobile-detect.test.js,False,True,True,False
redos/moment_2.18.1,redos,CWE-1333,moment,2.18.1,CVE-2017-18214,2.19.3,,,moment.js,2364,moment.test.js,True,True,True,True
redos/ms_0.7.0,redos,CWE-1333,ms,0.7.0,CVE-2021-23388,1.2.1,caolan/forms,d4bd5b5febfe49c1f585f162e04ec810f8dc47a0,index.js,41,ms.test.js,True,True,True,True
redos/natural_5.1.0,redos,CWE-1333,natural,5.1.0,,5.1.11,NaturalNode/natural,90e85afb20e76560bc555d83abad3bc919388381,dice_coefficient.js,54,natural.test.js,False,True,True,False
redos/no-case_2.3.1,redos,CWE-1333,no-case,2.3.1,CVE-2017-16099,2.3.2,,,no-case.js,34,no-case.test.js,True,True,True,True
redos/normalize-url_6.0.0,redos,CWE-1333,normalize-url,6.0.0,CVE-2021-33502,6.0.1,sindresorhus/normalize-url,b1fdb5120b6d27a88400d8800e67ff5a22bd2103,index.js,12,normalize-url.test.js,True,True,True,True
redos/npm-user-validate_1.0.0,redos,CWE-1333,npm-user-validate,1.0.0,CVE-2020-7754,1.0.1,npm/npm-user-validate,c8a87dac1a4cc6988b5418f30411a8669bef204e,npm-user-validate.js,48,npm-user-validate.test.js,True,True,True,True
redos/nth-check_2.0.0,redos,CWE-1333,nth-check,2.0.0,CVE-2021-3803,2.0.1,fb55/nth-check,9894c1d2010870c351f66c6f6efcf656e26bb726,parse.js,22,nth-check.test.js,True,True,True,True
redos/papaparse_5.1.1,redos,CWE-1333,papaparse,5.1.1,,5.2.0,mholt/PapaParse,235a12758cd77266d2e98fd715f53536b34ad621,papaparse.js,1142,papaparse.test.js,False,True,True,False
redos/parsejson_0.0.3,redos,CWE-1333,parsejson,0.0.3,CVE-2017-16113,,,,index.js,20,parsejson.test.js,True,False,True,False
redos/path-parse_1.0.6,redos,CWE-1333,path-parse,1.0.6,CVE-2021-23343,1.0.7,,,index.js,59,path-parse.test.js,True,True,True,True
redos/platform_1.3.4,redos,CWE-1333,platform,1.3.4,,,,,platform.js,117,platform.test.js,False,False,True,False
redos/postcss_8.0.0,redos,CWE-1333,postcss,8.0.0,CVE-2021-23382,7.0.36,postcss/postcss,2b1d04c867995e55124e0a165b7c6622c1735956,previous-map.js,57,postcss.test.js,True,True,True,True
redos/printf_0.6.0,redos,CWE-1333,printf,0.6.0,CVE-2021-23354,0.6.1,,,printf.js,14,printf.test.js,True,True,True,True
redos/prompts_2.4.0,redos,CWE-1333,prompts,2.4.0,CVE-2021-3868,2.4.2,,,strip.js,10,prompts.test.js,True,True,True,True
redos/prototype_0.0.5,redos,CWE-1333,prototype,0.0.5,CVE-2020-27511,,,,String.js,84,prototype.test.js,True,False,True,False
redos/ramda_0.27.1,redos,CWE-1333,ramda,0.27.1,,0.27.2,ramda/ramda,37af6ae2ca8b94656996dd27fb0a1f208d69134e,trim.js,33,ramda.test.js,False,True,True,False
redos/react-native_0.63.0-rc.0,redos,CWE-1333,react-native,0.63.0-rc.0,CVE-2020-1920,0.64.1,facebook/react-native,ca09ae82715e33c9ac77b3fa55495cf84ba891c7,jasmineAsyncInstall.js,106,react-native.test.js,True,True,True,True
redos/remarkable_1.7.2,redos,CWE-1333,remarkable,1.7.2,CVE-2019-12041,1.7.3,jonschlinkert/remarkable,b8bb2c0987f06d2b34e882159249f1538c6dc380,,,remarkable.test.js,True,True,False,False
redos/remove-markdown_0.3.0,redos,CWE-1333,remove-markdown,0.3.0,,,,,index.js,48,remove-markdown.test.js,False,False,True,False
redos/revalidator_0.3.1,redos,CWE-1333,revalidator,0.3.1,,,,,revalidator.js,289,revalidator.test.js,False,False,True,False
redos/rgb2hex_0.1.0,redos,CWE-1333,rgb2hex,0.1.0,,0.1.6,,,index.js,25,rgb2hex.test.js,False,True,True,False
redos/sanitize_2.0.0,redos,CWE-1333,sanitize,2.0.0,,2.1.0,pocketly/node-sanitize,4fd57530367ea9f2570b1e57d1a1a32e7f5d644f,Sanitizer.js,148,sanitize.test.js,False,True,True,False
redos/semver-regex_3.1.1,redos,CWE-1333,semver-regex,3.1.1,CVE-2021-3795,3.1.3,sindresorhus/semver-regex,11c66245f4e1976dccc52977ed183696a21a3fd7,jasmineAsyncInstall.js,106,semver-regex.test.js,True,True,True,True
redos/simple-markdown_0.7.2,redos,CWE-1333,simple-markdown,0.7.2,,0.6.1,Khan/simple-markdown,015a719bf5cdc561feea05500ecb3274ef609cd2,simple-markdown.js,492,simple-markdown.test.js,False,True,True,False
redos/slug_0.9.1,redos,CWE-1333,slug,0.9.1,CVE-2017-16117,0.9.2,zhuangya/node-slug,e82fccc6b3d850227560db659b17df0e242ae51b,slug.js,64,slug.test.js,True,True,True,True
redos/sshpk_1.13.1,redos,CWE-1333,sshpk,1.13.1,CVE-2018-3737,1.14.1,,,ssh.js,28,sshpk.test.js,True,True,True,True
redos/ssri_8.0.0,redos,CWE-1333,ssri,8.0.0,CVE-2021-27290,8.0.1,npm/ssri,76e223317d971f19e4db8191865bdad5edee40d2,index.js,123,ssri.test.js,True,True,True,True
redos/string_3.3.3,redos,CWE-1333,string,3.3.3,CVE-2017-16116,,,,string.js,618,string.test.js,True,False,True,False
redos/terminal-kit_2.1.0,redos,CWE-1333,terminal-kit,2.1.0,,2.1.8,cronvel/terminal-kit,a2e446cc3927b559d0281683feb9b821e83b758c,misc.js,185,terminal-kit.test.js,False,True,True,False
redos/three_0.122.0,redos,CWE-1333,three,0.122.0,CVE-2020-28496,0.125.0,mrdoob/three.js,4a582355216b620176a291ff319d740e619d583e,three.js,6333,three.test.js,True,True,True,True
redos/timespan_2.3.0,redos,CWE-1333,timespan,2.3.0,CVE-2017-16115,,,,time-span.js,385,timespan.test.js,True,False,True,False
redos/tmpl_1.0.0,redos,CWE-1333,tmpl,1.0.0,CVE-2021-3777,1.0.5,daaku/nodejs-tmpl,4c654e4d1542f329ed561fd95ccd80f30c6872d6,tmpl.js,8,tmpl.test.js,True,True,True,True
redos/tough-cookie_2.3.2,redos,CWE-1333,tough-cookie,2.3.2,CVE-2017-15010,2.3.3,,,cookie.js,330,tough-cookie.test.js,True,True,True,True
redos/trim-off-newlines_1.0.0,redos,CWE-1333,trim-off-newlines,1.0.0,CVE-2021-23425,1.0.3,stevemao/trim-off-newlines,6226c958cbbac284a840010eb1f6617fb99a5645,index.js,6,trim-off-newlines.test.js,True,True,True,True
redos/trim_0.0.1,redos,CWE-1333,trim,0.0.1,CVE-2020-7753,0.0.3,,,index.js,5,trim.test.js,True,True,True,True
redos/truncate_2.0.0,redos,CWE-1333,truncate,2.0.0,,2.0.1,FGRibreau/node-truncate,a3cea056427b2dfbbffebf24a95419b09db23b22,truncate.js,47,truncate.test.js,False,True,True,False
redos/ua-parser-js_0.7.22,redos,CWE-1333,ua-parser-js,0.7.22,CVE-2021-27292,0.7.24,faisalman/ua-parser-js,809439e20e273ce0d25c1d04e111dcf6011eb566,ua-parser.js,98,ua-parser.test.js,True,True,True,True
redos/underscore.string_3.3.4,redos,CWE-1333,underscore.string,3.3.4,,3.3.6,,,unescapeHTML.js,5,underscore-string.test.js,False,True,True,False
redos/uri-js_2.1.1,redos,CWE-1333,uri-js,2.1.1,CVE-2017-16021,3.0.0,,,uri.js,175,uri-js.test.js,True,True,True,True
redos/url-regex_5.0.0,redos,CWE-1333,url-regex,5.0.0,CVE-2020-7661,,,,jasmineAsyncInstall.js,106,url-regex.test.js,True,False,True,False
redos/urlregex_0.5.0,redos,CWE-1333,urlregex,0.5.0,CVE-2020-7661,,,,jasmineAsyncInstall.js,106,urlregex.test.js,True,False,True,False
redos/valid-email_0.0.1,redos,CWE-1333,valid-email,0.0.1,,1.0.0,johnhenry/valid-email,624ffa60b42bed8c577a679d682dda286b4603e6,utils.js,391,valid-email.test.js,False,True,True,False
redos/validator_13.5.2,redos,CWE-1333,validator,13.5.2,,13.6.0,tux-tn/validator.js,b21879cf45c05ee11b2d79e612b651bf7b2d93b7,,,validator.test.js,False,True,False,False
redos/vant_2.12.11,redos,CWE-1333,vant,2.12.11,,3.0.7,,,email.js,9,vant.test.js,False,True,True,False
redos/ws_7.0.0,redos,CWE-1333,ws,7.0.0,CVE-2021-32640,7.4.6,websockets/ws,00c425ec77993773d823f018f64a5c44e17023ff,jasmineAsyncInstall.js,106,ws.test.js,True,True,True,True
